DATE,AGE,TEAM,HOME/AWAY,OPPONENT,RESULT,GS,MP,FG,FGA,FG%,3P,3PA,3P%,FT,FTA,FT%,ORB,DRB,TRB,AST,STL,BLK,TOV,PF,PTS,GAME_SCORE,+/-,PLAYER
2013-10-30,28-103,POR,AWAY,PHO,L (-13),1,39:26,12,22,.545,0,0,,4,5,.800,1,3,4,2,0,0,2,2,28,17.2,-16,LaMarcus Aldridge
2013-11-01,28-105,POR,AWAY,DEN,W (+15),1,35:39,12,26,.462,0,0,,1,4,.250,2,7,9,4,1,1,1,2,25,16.6,+22,LaMarcus Aldridge
2013-11-02,28-106,POR,HOME,SAS,W (+10),1,38:15,11,17,.647,0,0,,2,2,1.000,0,7,7,4,1,2,3,1,24,20.4,+11,LaMarcus Aldridge
2013-11-05,28-109,POR,HOME,HOU,L (-15),1,36:24,9,19,.474,0,0,,3,5,.600,2,3,5,1,2,1,3,4,21,11.6,-22,LaMarcus Aldridge
2013-11-08,28-112,POR,HOME,SAC,W (+13),1,35:56,10,20,.500,0,0,,0,0,,1,6,7,1,0,1,2,1,20,11.5,+10,LaMarcus Aldridge
2013-11-09,28-113,POR,AWAY,SAC,W (+11),1,35:27,10,19,.526,0,0,,2,4,.500,2,12,14,3,1,0,1,2,22,18.2,+12,LaMarcus Aldridge
2013-11-11,28-115,POR,HOME,DET,W (+6),1,36:55,8,19,.421,0,1,.000,2,2,1.000,1,11,12,4,1,1,2,2,18,13.6,+11,LaMarcus Aldridge
2013-11-13,28-117,POR,HOME,PHO,W (+1),1,37:50,5,19,.263,0,0,,2,2,1.000,3,9,12,1,1,1,4,2,12,3.1,+1,LaMarcus Aldridge
2013-11-15,28-119,POR,AWAY,BOS,W (+13),1,34:07,11,18,.611,0,0,,5,6,.833,3,9,12,1,2,0,4,1,27,21.5,+19,LaMarcus Aldridge
2013-11-17,28-121,POR,AWAY,TOR,W (+8),1,42:22,11,27,.407,0,0,,3,7,.429,2,9,11,4,2,0,0,1,25,17.4,+8,LaMarcus Aldridge
2013-11-18,28-122,POR,AWAY,BRK,W (+10),1,35:01,9,16,.563,0,0,,9,9,1.000,2,6,8,0,0,2,4,4,27,18.4,-3,LaMarcus Aldridge
2013-11-20,28-124,POR,AWAY,MIL,W (+9),1,35:11,10,22,.455,0,1,.000,1,2,.500,3,4,7,3,2,1,2,1,21,14.9,+6,LaMarcus Aldridge
2013-11-22,28-126,POR,HOME,CHI,W (+3),1,40:26,4,20,.200,0,0,,4,4,1.000,2,4,6,4,3,1,2,1,12,6.3,+4,LaMarcus Aldridge
2013-11-23,28-127,POR,AWAY,GSW,W (+12),1,40:13,7,21,.333,0,0,,16,19,.842,6,15,21,3,2,3,5,2,30,26.0,+20,LaMarcus Aldridge
2013-11-25,28-129,POR,HOME,NYK,W (+11),1,36:36,7,20,.350,0,0,,4,4,1.000,2,12,14,3,0,1,2,3,18,11.4,+1,LaMarcus Aldridge
2013-11-27,28-131,POR,AWAY,PHO,L (-14),1,36:55,10,18,.556,0,0,,4,5,.800,1,3,4,0,1,0,1,2,24,15.8,-17,LaMarcus Aldridge
2013-12-01,28-135,POR,AWAY,LAL,W (+6),1,35:32,11,19,.579,0,0,,5,6,.833,0,9,9,3,0,0,1,2,27,20.7,+11,LaMarcus Aldridge
2013-12-02,28-136,POR,HOME,IND,W (+4),1,36:46,11,19,.579,0,0,,6,8,.750,0,10,10,3,1,1,0,0,28,25.1,-3,LaMarcus Aldridge
2013-12-04,28-138,POR,HOME,OKC,W (+7),1,37:03,17,28,.607,0,0,,4,4,1.000,3,10,13,5,2,0,0,1,38,35.4,+10,LaMarcus Aldridge
2013-12-06,28-140,POR,HOME,UTA,W (+32),1,29:07,7,14,.500,0,0,,6,7,.857,3,12,15,4,2,0,0,0,20,23.1,+45,LaMarcus Aldridge
2013-12-07,28-141,POR,HOME,DAL,L (-2),1,38:15,7,16,.438,0,0,,5,6,.833,4,9,13,2,1,0,3,2,19,14.3,-2,LaMarcus Aldridge
2013-12-09,28-143,POR,AWAY,UTA,W (+11),1,34:13,10,18,.556,0,0,,4,4,1.000,3,3,6,4,0,0,0,0,24,21.2,+16,LaMarcus Aldridge
2013-12-12,28-146,POR,HOME,HOU,W (+7),1,41:03,12,22,.545,0,0,,7,9,.778,5,20,25,2,2,2,1,3,31,31.7,+16,LaMarcus Aldridge
2013-12-14,28-148,POR,AWAY,PHI,W (+34),1,28:44,10,15,.667,0,0,,0,1,.000,6,10,16,5,1,1,3,3,20,21.3,+27,LaMarcus Aldridge
2013-12-15,28-149,POR,AWAY,DET,W (+2),1,42:59,11,25,.440,0,0,,5,6,.833,3,9,12,2,0,3,3,3,27,17.6,+10,LaMarcus Aldridge
2013-12-17,28-151,POR,AWAY,CLE,W (+3),1,36:39,11,22,.500,0,0,,4,6,.667,4,11,15,4,1,1,3,3,26,20.6,+5,LaMarcus Aldridge
2013-12-18,28-152,POR,AWAY,MIN,L (-11),1,42:20,7,22,.318,0,1,.000,1,1,1.000,4,10,14,3,1,0,0,3,15,10.1,+2,LaMarcus Aldridge
2013-12-21,28-155,POR,HOME,NOP,W (+3),1,37:45,8,24,.333,0,1,.000,2,2,1.000,1,7,8,4,1,0,0,2,18,10.2,+2,LaMarcus Aldridge
2013-12-26,28-160,POR,HOME,LAC,W (+4),1,40:20,15,31,.484,0,1,.000,2,2,1.000,3,7,10,4,0,0,0,4,32,21.7,+10,LaMarcus Aldridge
2013-12-28,28-162,POR,HOME,MIA,L (-1),1,36:52,9,20,.450,0,0,,4,4,1.000,1,6,7,4,0,1,2,2,22,14.8,-4,LaMarcus Aldridge
2013-12-30,28-164,POR,AWAY,NOP,L (-2),1,39:14,13,25,.520,0,0,,2,3,.667,2,6,8,3,0,2,0,1,28,21.6,-1,LaMarcus Aldridge
2013-12-31,28-165,POR,AWAY,OKC,W (+4),1,39:43,10,23,.435,0,0,,5,6,.833,2,12,14,2,0,2,0,3,25,19.1,+6,LaMarcus Aldridge
2014-01-02,28-167,POR,HOME,CHA,W (+30),1,28:24,5,13,.385,0,1,.000,0,0,,2,13,15,3,0,0,0,3,10,9.1,+17,LaMarcus Aldridge
2014-01-04,28-169,POR,HOME,PHI,L (-2),1,36:52,13,30,.433,0,0,,3,3,1.000,0,14,14,3,0,5,3,0,29,20.0,-6,LaMarcus Aldridge
2014-01-07,28-172,POR,AWAY,SAC,L (-4),1,39:07,8,20,.400,0,0,,8,10,.800,3,5,8,5,0,1,4,4,24,14.6,+6,LaMarcus Aldridge
2014-01-08,28-173,POR,HOME,ORL,W (+16),1,34:54,16,25,.640,0,0,,4,4,1.000,0,9,9,1,1,3,0,1,36,31.0,+11,LaMarcus Aldridge
2014-01-11,28-176,POR,HOME,BOS,W (+8),1,37:34,8,15,.533,0,0,,5,6,.833,2,11,13,4,0,1,0,1,21,21.1,+12,LaMarcus Aldridge
2014-01-15,28-180,POR,HOME,CLE,W (+12),1,35:13,12,26,.462,1,1,1.000,7,7,1.000,3,15,18,4,1,0,2,3,32,25.8,+17,LaMarcus Aldridge
2014-01-17,28-182,POR,AWAY,SAS,W (+9),1,38:25,11,22,.500,0,0,,4,4,1.000,1,12,13,1,0,1,2,3,26,17.5,+9,LaMarcus Aldridge
2014-01-18,28-183,POR,AWAY,DAL,W (+16),1,31:30,11,18,.611,0,0,,8,9,.889,3,9,12,2,3,1,4,2,30,26.5,+40,LaMarcus Aldridge
2014-01-20,28-185,POR,AWAY,HOU,L (-13),1,36:49,11,26,.423,0,1,.000,5,6,.833,8,12,20,3,2,1,0,1,27,26.4,-10,LaMarcus Aldridge
2014-01-21,28-186,POR,AWAY,OKC,L (-8),1,37:01,12,26,.462,0,0,,5,8,.625,5,11,16,2,0,0,3,0,29,19.6,-8,LaMarcus Aldridge
2014-01-23,28-188,POR,HOME,DEN,W (+5),1,38:15,15,29,.517,0,0,,14,17,.824,4,9,13,5,0,2,2,2,44,36.1,+4,LaMarcus Aldridge
2014-01-25,28-190,POR,HOME,MIN,W (+11),1,33:59,9,21,.429,0,0,,3,3,1.000,3,3,6,1,1,1,2,4,21,11.7,-8,LaMarcus Aldridge
2014-01-26,28-191,POR,AWAY,GSW,L (-15),1,34:11,2,14,.143,0,0,,6,6,1.000,1,10,11,1,1,1,3,4,10,2.5,-18,LaMarcus Aldridge
2014-01-28,28-193,POR,HOME,MEM,L (-17),1,38:47,11,23,.478,0,0,,5,7,.714,4,12,16,2,0,2,3,3,27,19.5,-6,LaMarcus Aldridge
2014-02-01,28-197,POR,HOME,TOR,W (+3),1,36:24,8,22,.364,0,1,.000,11,14,.786,2,13,15,1,2,0,4,2,27,16.8,+1,LaMarcus Aldridge
2014-02-03,28-199,POR,AWAY,WAS,L (-10),1,42:07,10,18,.556,0,0,,0,0,,0,10,10,6,0,1,1,2,20,17.5,-10,LaMarcus Aldridge
2014-02-05,28-201,POR,AWAY,NYK,W (+4),1,38:38,5,17,.294,0,0,,5,7,.714,1,11,12,5,0,1,0,1,15,12.1,+17,LaMarcus Aldridge
2014-02-07,28-203,POR,AWAY,IND,L (-5),1,40:12,9,24,.375,0,0,,4,5,.800,2,7,9,1,0,1,2,6,22,8.9,+2,LaMarcus Aldridge
2014-02-08,28-204,POR,AWAY,MIN,W (+7),1,34:07,12,16,.750,0,0,,2,2,1.000,1,8,9,3,2,2,1,2,26,26.4,+6,LaMarcus Aldridge
2014-02-11,28-207,POR,HOME,OKC,L (-3),1,37:22,5,22,.227,0,0,,2,2,1.000,2,10,12,1,0,1,4,2,12,-0.4,+5,LaMarcus Aldridge
2014-02-12,28-208,POR,AWAY,LAC,L (-5),1,36:37,10,18,.556,1,1,1.000,4,4,1.000,1,2,3,3,1,0,1,4,25,18.2,-6,LaMarcus Aldridge
2014-02-19,28-215,POR,HOME,SAS,L (-2),Did Not Dress,Did Not Dress,Did Not Dress,Did Not Dress,Did Not Dress,Did Not Dress,Did Not Dress,Did Not Dress,Did Not Dress,Did Not Dress,Did Not Dress,Did Not Dress,Did Not Dress,Did Not Dress,Did Not Dress,Did Not Dress,Did Not Dress,Did Not Dress,Did Not Dress,Did Not Dress,Did Not Dress,Did Not Dress,LaMarcus Aldridge
2014-02-21,28-217,POR,HOME,UTA,W (+8),Did Not Dress,Did Not Dress,Did Not Dress,Did Not Dress,Did Not Dress,Did Not Dress,Did Not Dress,Did Not Dress,Did Not Dress,Did Not Dress,Did Not Dress,Did Not Dress,Did Not Dress,Did Not Dress,Did Not Dress,Did Not Dress,Did Not Dress,Did Not Dress,Did Not Dress,Did Not Dress,Did Not Dress,Did Not Dress,LaMarcus Aldridge
2014-02-23,28-219,POR,HOME,MIN,W (+11),Did Not Dress,Did Not Dress,Did Not Dress,Did Not Dress,Did Not Dress,Did Not Dress,Did Not Dress,Did Not Dress,Did Not Dress,Did Not Dress,Did Not Dress,Did Not Dress,Did Not Dress,Did Not Dress,Did Not Dress,Did Not Dress,Did Not Dress,Did Not Dress,Did Not Dress,Did Not Dress,Did Not Dress,Did Not Dress,LaMarcus Aldridge
2014-02-25,28-221,POR,AWAY,DEN,W (+5),Did Not Dress,Did Not Dress,Did Not Dress,Did Not Dress,Did Not Dress,Did Not Dress,Did Not Dress,Did Not Dress,Did Not Dress,Did Not Dress,Did Not Dress,Did Not Dress,Did Not Dress,Did Not Dress,Did Not Dress,Did Not Dress,Did Not Dress,Did Not Dress,Did Not Dress,Did Not Dress,Did Not Dress,Did Not Dress,LaMarcus Aldridge
2014-02-26,28-222,POR,HOME,BRK,W (+44),Did Not Dress,Did Not Dress,Did Not Dress,Did Not Dress,Did Not Dress,Did Not Dress,Did Not Dress,Did Not Dress,Did Not Dress,Did Not Dress,Did Not Dress,Did Not Dress,Did Not Dress,Did Not Dress,Did Not Dress,Did Not Dress,Did Not Dress,Did Not Dress,Did Not Dress,Did Not Dress,Did Not Dress,Did Not Dress,LaMarcus Aldridge
2014-03-01,28-225,POR,HOME,DEN,W (+6),1,30:02,7,15,.467,0,1,.000,2,2,1.000,1,6,7,3,1,1,4,4,16,9.0,+11,LaMarcus Aldridge
2014-03-03,28-227,POR,HOME,LAL,L (-1),1,32:27,9,19,.474,0,1,.000,3,4,.750,1,5,6,1,2,0,4,1,21,11.4,-1,LaMarcus Aldridge
2014-03-05,28-229,POR,HOME,ATL,W (+24),1,29:02,1,13,.077,0,0,,8,8,1.000,2,4,6,1,0,2,2,2,10,3.2,+21,LaMarcus Aldridge
2014-03-07,28-231,POR,AWAY,DAL,L (-5),1,37:08,13,28,.464,0,1,.000,4,6,.667,5,12,17,3,3,0,3,4,30,22.4,-7,LaMarcus Aldridge
2014-03-09,28-233,POR,AWAY,HOU,L (-5),1,42:06,10,27,.370,1,1,1.000,7,10,.700,4,8,12,0,0,2,0,3,28,17.3,-2,LaMarcus Aldridge
2014-03-11,28-235,POR,AWAY,MEM,L (-10),1,37:34,8,23,.348,0,0,,3,4,.750,5,5,10,1,0,2,1,3,19,10.6,-8,LaMarcus Aldridge
2014-03-12,28-236,POR,AWAY,SAS,L (-13),1,20:56,6,11,.545,0,0,,2,2,1.000,1,3,4,1,0,0,2,2,14,8.2,-3,LaMarcus Aldridge
2014-03-14,28-238,POR,AWAY,NOP,W (+8),Did Not Dress,Did Not Dress,Did Not Dress,Did Not Dress,Did Not Dress,Did Not Dress,Did Not Dress,Did Not Dress,Did Not Dress,Did Not Dress,Did Not Dress,Did Not Dress,Did Not Dress,Did Not Dress,Did Not Dress,Did Not Dress,Did Not Dress,Did Not Dress,Did Not Dress,Did Not Dress,Did Not Dress,Did Not Dress,LaMarcus Aldridge
2014-03-27,28-251,POR,AWAY,ATL,W (+15),1,32:14,9,21,.429,0,0,,7,7,1.000,5,11,16,2,1,1,1,2,25,22.0,+10,LaMarcus Aldridge
2014-03-28,28-252,POR,AWAY,CHI,W (+17),1,29:27,2,10,.200,0,0,,1,2,.500,0,13,13,1,4,0,1,2,5,5.2,+14,LaMarcus Aldridge
2014-03-30,28-254,POR,HOME,MEM,W (+7),1,33:18,10,20,.500,0,0,,8,8,1.000,1,3,4,0,1,0,0,3,28,19.4,-1,LaMarcus Aldridge
2014-04-01,28-256,POR,AWAY,LAL,W (+12),1,32:32,12,20,.600,0,0,,7,8,.875,1,14,15,6,1,2,2,2,31,30.1,+27,LaMarcus Aldridge
2014-04-04,28-259,POR,HOME,PHO,L (-16),1,36:45,8,18,.444,0,1,.000,2,2,1.000,1,6,7,0,0,0,1,3,18,8.9,-6,LaMarcus Aldridge
2014-04-06,28-261,POR,HOME,NOP,W (+6),1,36:18,11,25,.440,0,0,,3,4,.750,8,10,18,4,0,4,3,1,25,22.3,+10,LaMarcus Aldridge
2014-04-09,28-264,POR,HOME,SAC,W (+1),1,37:05,9,20,.450,0,0,,4,6,.667,2,6,8,2,2,1,1,0,22,17.1,+13,LaMarcus Aldridge
2014-04-11,28-266,POR,AWAY,UTA,W (+12),1,33:34,8,19,.421,0,0,,2,2,1.000,3,11,14,2,0,0,1,2,18,12.9,+10,LaMarcus Aldridge
2014-04-13,28-268,POR,HOME,GSW,W (+2),1,38:08,11,23,.478,0,0,,4,6,.667,1,5,6,2,3,0,2,0,26,18.1,-10,LaMarcus Aldridge
2013-11-01,22-299,POR,AWAY,DEN,W (+15),0,1:22,0,1,.000,0,0,,0,0,,0,0,0,0,0,0,0,0,0,-0.7,0,Will Barton
2013-11-05,22-303,POR,HOME,HOU,L (-15),0,1:11,0,1,.000,0,1,.000,0,0,,0,0,0,1,0,0,0,0,0,0.0,+1,Will Barton
2013-11-15,22-313,POR,AWAY,BOS,W (+13),0,1:24,0,1,.000,0,0,,0,0,,0,0,0,0,0,0,0,0,0,-0.7,-2,Will Barton
2013-11-23,22-321,POR,AWAY,GSW,W (+12),0,0:59,1,1,1.000,0,0,,0,0,,0,0,0,0,0,0,0,1,2,1.3,-1,Will Barton
2013-11-25,22-323,POR,HOME,NYK,W (+11),0,7:16,0,0,,0,0,,0,0,,0,2,2,1,0,0,1,1,0,-0.1,+6,Will Barton
2013-11-27,22-325,POR,AWAY,PHO,L (-14),0,5:13,1,1,1.000,0,0,,2,2,1.000,0,0,0,0,0,0,0,0,4,3.7,+8,Will Barton
2013-12-06,22-334,POR,HOME,UTA,W (+32),0,12:00,2,7,.286,0,2,.000,0,0,,0,2,2,4,0,0,1,1,4,1.9,-6,Will Barton
2013-12-14,22-342,POR,AWAY,PHI,W (+34),0,11:25,1,3,.333,0,1,.000,0,0,,1,2,3,2,2,0,2,2,2,2.2,-1,Will Barton
2014-01-02,22-361,POR,HOME,CHA,W (+30),0,8:47,4,5,.800,2,2,1.000,0,0,,1,2,3,1,0,0,0,0,10,10.1,+3,Will Barton
2014-01-07,23-001,POR,AWAY,SAC,L (-4),0,8:49,1,3,.333,1,2,.500,0,0,,0,0,0,0,0,0,0,1,3,0.9,-2,Will Barton
2014-01-08,23-002,POR,HOME,ORL,W (+16),0,1:13,0,1,.000,0,1,.000,0,0,,0,0,0,0,0,0,0,0,0,-0.7,-1,Will Barton
2014-01-18,23-012,POR,AWAY,DAL,W (+16),0,8:25,1,3,.333,1,2,.500,2,2,1.000,1,0,1,0,0,0,1,0,5,3.0,-19,Will Barton
2014-01-20,23-014,POR,AWAY,HOU,L (-13),0,3:41,1,1,1.000,0,0,,0,0,,0,2,2,1,1,0,0,0,2,4.0,+5,Will Barton
2014-01-25,23-019,POR,HOME,MIN,W (+11),0,0:56,1,1,1.000,0,0,,0,0,,0,0,0,0,0,0,0,0,2,1.7,+1,Will Barton
2014-01-26,23-020,POR,AWAY,GSW,L (-15),0,1:34,0,2,.000,0,1,.000,0,0,,0,1,1,0,0,0,0,0,0,-1.1,0,Will Barton
2014-01-28,23-022,POR,HOME,MEM,L (-17),0,1:32,0,2,.000,0,0,,0,0,,1,0,1,0,0,0,0,0,0,-0.7,-2,Will Barton
2014-02-21,23-046,POR,HOME,UTA,W (+8),0,17:36,3,5,.600,0,0,,2,2,1.000,1,1,2,0,1,0,0,2,8,6.9,+6,Will Barton
2014-02-23,23-048,POR,HOME,MIN,W (+11),0,14:46,2,6,.333,1,3,.333,0,0,,0,0,0,1,1,0,0,3,5,2.1,+5,Will Barton
2014-02-25,23-050,POR,AWAY,DEN,W (+5),0,7:09,0,2,.000,0,0,,0,0,,0,0,0,0,0,0,2,0,0,-3.4,-8,Will Barton
2014-02-26,23-051,POR,HOME,BRK,W (+44),0,28:25,8,13,.615,0,2,.000,4,4,1.000,3,8,11,4,0,1,1,2,20,20.3,+39,Will Barton
2014-03-01,23-054,POR,HOME,DEN,W (+6),0,12:56,2,2,1.000,1,1,1.000,2,2,1.000,0,0,0,0,0,0,2,1,7,4.0,+3,Will Barton
2014-03-03,23-056,POR,HOME,LAL,L (-1),0,4:58,0,1,.000,0,0,,0,0,,0,0,0,0,0,1,0,0,0,0.0,+1,Will Barton
2014-03-05,23-058,POR,HOME,ATL,W (+24),0,12:00,4,7,.571,1,2,.500,0,0,,0,0,0,0,0,0,1,3,9,3.5,0,Will Barton
2014-03-11,23-064,POR,AWAY,MEM,L (-10),0,0:55,0,0,,0,0,,0,0,,0,1,1,1,0,0,0,0,0,1.0,+2,Will Barton
2014-03-12,23-065,POR,AWAY,SAS,L (-13),0,5:47,3,4,.750,0,0,,0,0,,0,1,1,0,0,0,1,1,6,3.3,-2,Will Barton
2014-03-14,23-067,POR,AWAY,NOP,W (+8),0,16:47,1,7,.143,0,1,.000,0,0,,0,1,1,3,0,0,1,1,2,-1.5,-3,Will Barton
2014-03-16,23-069,POR,HOME,GSW,L (-1),0,16:14,2,8,.250,0,1,.000,2,2,1.000,2,5,7,2,0,0,0,1,6,5.1,-14,Will Barton
2014-03-18,23-071,POR,HOME,MIL,W (+5),0,11:15,1,1,1.000,0,0,,1,1,1.000,0,1,1,1,0,0,0,0,3,3.7,+3,Will Barton
2014-03-20,23-073,POR,HOME,WAS,W (+13),0,12:42,1,3,.333,0,0,,1,2,.500,0,0,0,0,1,0,0,2,3,1.1,+5,Will Barton
2014-03-22,23-075,POR,AWAY,CHA,L (-30),0,4:33,0,0,,0,0,,0,0,,0,0,0,0,0,0,0,1,0,-0.4,-9,Will Barton
2014-03-24,23-077,POR,AWAY,MIA,L (-2),0,9:34,2,4,.500,0,1,.000,0,0,,0,2,2,1,0,1,0,0,4,4.0,+1,Will Barton
2014-03-25,23-078,POR,AWAY,ORL,L (-10),0,15:42,3,8,.375,0,0,,1,2,.500,1,8,9,4,1,1,0,0,7,9.8,+3,Will Barton
2014-03-27,23-080,POR,AWAY,ATL,W (+15),0,16:07,1,5,.200,0,1,.000,0,1,.000,0,2,2,1,0,0,0,2,2,-1.0,+1,Will Barton
2014-03-28,23-081,POR,AWAY,CHI,W (+17),0,9:48,0,2,.000,0,0,,0,0,,0,1,1,1,0,1,0,1,0,-0.1,-8,Will Barton
2014-03-30,23-083,POR,HOME,MEM,W (+7),0,8:47,2,5,.400,0,0,,0,0,,1,1,2,0,0,0,0,0,4,2.3,+3,Will Barton
2014-04-01,23-085,POR,AWAY,LAL,W (+12),0,11:16,4,7,.571,0,0,,0,0,,2,3,5,1,0,0,2,1,8,5.3,-13,Will Barton
2014-04-04,23-088,POR,HOME,PHO,L (-16),0,8:56,1,2,.500,0,1,.000,0,0,,0,0,0,0,0,0,0,1,2,0.6,-9,Will Barton
2014-04-06,23-090,POR,HOME,NOP,W (+6),0,5:15,0,1,.000,0,0,,0,0,,0,1,1,0,0,0,0,0,0,-0.4,-7,Will Barton
2014-04-09,23-093,POR,HOME,SAC,W (+1),0,13:13,2,6,.333,0,1,.000,1,2,.500,0,0,0,0,0,1,1,1,5,0.5,-4,Will Barton
2014-04-11,23-095,POR,AWAY,UTA,W (+12),0,10:44,3,4,.750,0,0,,2,2,1.000,0,3,3,1,1,1,0,0,8,9.7,-2,Will Barton
2014-04-16,23-100,POR,HOME,LAC,W (+6),0,35:24,7,20,.350,3,7,.429,6,8,.750,2,8,10,2,1,0,2,2,23,14.4,0,Will Barton
2013-10-30,24-320,POR,AWAY,PHO,L (-13),1,36:44,3,9,.333,1,5,.200,0,0,,2,11,13,4,1,1,4,2,7,6.3,-15,Nicolas Batum
2013-11-01,24-322,POR,AWAY,DEN,W (+15),1,35:17,8,14,.571,5,8,.625,0,0,,0,5,5,3,0,1,2,2,21,15.9,+15,Nicolas Batum
2013-11-02,24-323,POR,HOME,SAS,W (+10),1,35:54,4,11,.364,1,4,.250,2,3,.667,4,8,12,11,0,1,4,2,11,13.3,+5,Nicolas Batum
2013-11-05,24-326,POR,HOME,HOU,L (-15),1,37:21,4,10,.400,1,5,.200,4,4,1.000,2,1,3,4,3,1,3,2,13,12.0,-14,Nicolas Batum
2013-11-08,24-329,POR,HOME,SAC,W (+13),1,33:48,5,10,.500,3,6,.500,1,2,.500,3,4,7,8,0,0,2,2,14,14.7,+14,Nicolas Batum
2013-11-09,24-330,POR,AWAY,SAC,W (+11),1,36:39,4,9,.444,2,4,.500,2,2,1.000,2,5,7,5,0,0,2,3,12,10.5,+18,Nicolas Batum
2013-11-11,24-332,POR,HOME,DET,W (+6),1,30:53,5,11,.455,1,5,.200,1,2,.500,2,1,3,8,1,0,2,3,12,11.0,+4,Nicolas Batum
2013-11-13,24-334,POR,HOME,PHO,W (+1),1,30:22,3,10,.300,1,5,.200,2,2,1.000,1,2,3,0,0,0,3,1,9,1.1,-2,Nicolas Batum
2013-11-15,24-336,POR,AWAY,BOS,W (+13),1,33:49,6,15,.400,4,10,.400,2,2,1.000,1,4,5,6,2,0,0,2,18,17.2,+23,Nicolas Batum
2013-11-17,24-338,POR,AWAY,TOR,W (+8),1,41:19,8,15,.533,5,8,.625,3,3,1.000,1,5,6,4,1,2,3,3,24,19.9,+7,Nicolas Batum
2013-11-18,24-339,POR,AWAY,BRK,W (+10),1,34:13,2,5,.400,1,2,.500,2,2,1.000,0,6,6,1,1,0,4,2,7,3.0,-3,Nicolas Batum
2013-11-20,24-341,POR,AWAY,MIL,W (+9),1,35:28,3,6,.500,2,4,.500,0,2,.000,1,7,8,8,2,1,1,2,8,13.5,+17,Nicolas Batum
2013-11-22,24-343,POR,HOME,CHI,W (+3),1,39:05,5,12,.417,3,7,.429,4,4,1.000,0,8,8,3,5,1,2,2,17,18.0,+2,Nicolas Batum
2013-11-23,24-344,POR,AWAY,GSW,W (+12),1,40:22,5,9,.556,2,4,.500,2,2,1.000,0,3,3,4,2,0,4,4,14,9.8,+16,Nicolas Batum
2013-11-25,24-346,POR,HOME,NYK,W (+11),1,38:40,8,12,.667,3,5,.600,4,5,.800,3,4,7,6,1,1,1,1,23,25.2,+2,Nicolas Batum
2013-11-27,24-348,POR,AWAY,PHO,L (-14),1,33:34,5,13,.385,1,6,.167,4,5,.800,2,2,4,5,2,0,2,1,15,12.6,-10,Nicolas Batum
2013-12-01,24-352,POR,AWAY,LAL,W (+6),1,36:02,4,9,.444,1,5,.200,0,1,.000,2,7,9,9,1,0,1,1,9,13.3,+22,Nicolas Batum
2013-12-02,24-353,POR,HOME,IND,W (+4),1,35:43,2,5,.400,1,2,.500,3,4,.750,1,4,5,3,0,0,2,5,8,4.9,-3,Nicolas Batum
2013-12-04,24-355,POR,HOME,OKC,W (+7),1,35:19,6,10,.600,2,5,.400,0,0,,0,6,6,3,2,1,3,2,14,12.2,+7,Nicolas Batum
2013-12-06,24-357,POR,HOME,UTA,W (+32),1,28:16,5,6,.833,3,3,1.000,0,0,,2,5,7,3,1,0,4,1,13,12.4,+44,Nicolas Batum
2013-12-07,24-358,POR,HOME,DAL,L (-2),1,37:03,8,17,.471,4,10,.400,2,4,.500,2,3,5,6,1,1,5,0,22,15.7,0,Nicolas Batum
2013-12-09,24-360,POR,AWAY,UTA,W (+11),1,33:12,3,5,.600,1,2,.500,0,0,,0,8,8,11,1,1,2,1,7,14.1,+20,Nicolas Batum
2013-12-12,24-363,POR,HOME,HOU,W (+7),1,37:44,5,11,.455,2,6,.333,3,4,.750,2,4,6,6,0,2,4,1,15,12.7,+7,Nicolas Batum
2013-12-14,25-000,POR,AWAY,PHI,W (+34),1,26:50,6,10,.600,3,7,.429,2,2,1.000,1,4,5,9,0,0,1,0,17,19.6,+21,Nicolas Batum
2013-12-15,25-001,POR,AWAY,DET,W (+2),1,44:08,7,13,.538,3,7,.429,1,2,.500,2,3,5,5,2,0,2,4,18,15.5,+18,Nicolas Batum
2013-12-17,25-003,POR,AWAY,CLE,W (+3),1,36:39,3,13,.231,2,8,.250,6,6,1.000,0,9,9,2,0,1,3,1,14,7.5,+5,Nicolas Batum
2013-12-18,25-004,POR,AWAY,MIN,L (-11),1,39:06,7,15,.467,3,8,.375,3,3,1.000,2,4,6,3,0,2,5,4,20,11.8,+2,Nicolas Batum
2013-12-21,25-007,POR,HOME,NOP,W (+3),1,35:20,4,10,.400,1,7,.143,2,2,1.000,1,7,8,7,0,0,0,2,11,12.5,-2,Nicolas Batum
2013-12-26,25-012,POR,HOME,LAC,W (+4),1,41:18,6,11,.545,2,6,.333,5,5,1.000,2,5,7,3,1,1,5,0,19,15.4,-5,Nicolas Batum
2013-12-28,25-014,POR,HOME,MIA,L (-1),1,36:17,2,6,.333,1,4,.250,6,7,.857,0,6,6,9,1,3,1,0,11,17.4,-9,Nicolas Batum
2013-12-30,25-016,POR,AWAY,NOP,L (-2),1,39:20,3,9,.333,1,7,.143,1,2,.500,1,6,7,6,0,0,3,0,8,6.2,-6,Nicolas Batum
2013-12-31,25-017,POR,AWAY,OKC,W (+4),1,38:06,6,15,.400,1,7,.143,2,2,1.000,2,1,3,3,2,0,3,4,15,8.1,+12,Nicolas Batum
2014-01-02,25-019,POR,HOME,CHA,W (+30),1,27:34,3,6,.500,2,3,.667,0,0,,1,6,7,7,0,1,0,1,8,12.7,+15,Nicolas Batum
2014-01-04,25-021,POR,HOME,PHI,L (-2),1,36:53,1,9,.111,0,4,.000,2,2,1.000,3,7,10,10,1,1,4,6,4,4.6,-6,Nicolas Batum
2014-01-07,25-024,POR,AWAY,SAC,L (-4),1,39:13,3,7,.429,0,2,.000,5,6,.833,1,10,11,5,0,0,4,4,11,8.5,+8,Nicolas Batum
2014-01-08,25-025,POR,HOME,ORL,W (+16),1,33:59,6,14,.429,2,6,.333,0,0,,1,9,10,14,1,1,2,3,14,18.3,+19,Nicolas Batum
2014-01-11,25-028,POR,HOME,BOS,W (+8),1,37:24,6,14,.429,2,5,.400,2,2,1.000,2,5,7,7,1,1,4,0,16,14.1,+4,Nicolas Batum
2014-01-15,25-032,POR,HOME,CLE,W (+12),1,35:44,3,5,.600,0,2,.000,1,1,1.000,4,5,9,6,1,1,2,1,7,12.5,+17,Nicolas Batum
2014-01-17,25-034,POR,AWAY,SAS,W (+9),1,36:40,3,6,.500,1,2,.500,2,3,.667,1,8,9,7,0,1,0,0,9,14.3,+13,Nicolas Batum
2014-01-18,25-035,POR,AWAY,DAL,W (+16),1,33:14,8,11,.727,3,6,.500,2,3,.667,0,7,7,1,0,0,1,0,21,17.9,+36,Nicolas Batum
2014-01-20,25-037,POR,AWAY,HOU,L (-13),1,33:50,2,6,.333,1,3,.333,1,3,.333,2,1,3,7,2,0,2,5,6,6.4,-8,Nicolas Batum
2014-01-21,25-038,POR,AWAY,OKC,L (-8),1,35:25,1,4,.250,1,2,.500,0,0,,2,3,5,2,2,2,2,2,3,4.9,-16,Nicolas Batum
2014-01-23,25-040,POR,HOME,DEN,W (+5),1,37:47,1,5,.200,0,3,.000,4,4,1.000,1,6,7,10,2,0,2,0,6,12.4,-3,Nicolas Batum
2014-01-25,25-042,POR,HOME,MIN,W (+11),1,34:53,5,10,.500,0,3,.000,3,4,.750,1,7,8,5,1,0,1,3,13,12.7,-5,Nicolas Batum
2014-01-26,25-043,POR,AWAY,GSW,L (-15),1,30:40,1,4,.250,0,1,.000,3,4,.750,1,2,3,3,1,0,0,1,5,6.2,-26,Nicolas Batum
2014-01-28,25-045,POR,HOME,MEM,L (-17),1,38:49,4,11,.364,0,4,.000,2,3,.667,0,6,6,4,1,0,2,0,10,7.1,-11,Nicolas Batum
2014-02-01,25-049,POR,HOME,TOR,W (+3),1,34:37,5,10,.500,1,4,.250,7,8,.875,2,3,5,4,1,1,4,1,18,15.0,-5,Nicolas Batum
2014-02-03,25-051,POR,AWAY,WAS,L (-10),1,35:59,6,12,.500,2,5,.400,4,4,1.000,1,3,4,3,1,0,5,1,18,11.3,-9,Nicolas Batum
2014-02-05,25-053,POR,AWAY,NYK,W (+4),1,37:31,9,14,.643,2,5,.400,0,0,,3,7,10,3,1,0,4,3,20,15.9,+3,Nicolas Batum
2014-02-07,25-055,POR,AWAY,IND,L (-5),1,44:48,1,8,.125,0,3,.000,2,2,1.000,2,4,6,4,2,2,4,2,4,2.8,0,Nicolas Batum
2014-02-08,25-056,POR,AWAY,MIN,W (+7),1,33:59,6,12,.500,0,4,.000,3,4,.750,0,5,5,4,1,0,4,3,15,8.7,-10,Nicolas Batum
2014-02-11,25-059,POR,HOME,OKC,L (-3),1,37:36,5,8,.625,3,5,.600,5,5,1.000,0,1,1,4,0,0,1,3,18,15.3,+3,Nicolas Batum
2014-02-12,25-060,POR,AWAY,LAC,L (-5),1,36:36,5,10,.500,1,6,.167,2,2,1.000,0,7,7,7,0,0,5,3,13,8.8,-2,Nicolas Batum
2014-02-19,25-067,POR,HOME,SAS,L (-2),1,39:53,2,8,.250,1,3,.333,3,4,.750,0,5,5,5,1,2,4,3,8,5.0,-10,Nicolas Batum
2014-02-21,25-069,POR,HOME,UTA,W (+8),1,25:04,1,4,.250,1,3,.333,0,0,,0,3,3,3,0,1,1,2,3,2.5,+12,Nicolas Batum
2014-02-23,25-071,POR,HOME,MIN,W (+11),1,36:05,9,15,.600,3,6,.500,1,1,1.000,1,9,10,4,1,3,3,3,22,20.2,+11,Nicolas Batum
2014-02-25,25-073,POR,AWAY,DEN,W (+5),1,38:48,4,6,.667,3,4,.750,5,6,.833,0,6,6,3,0,2,1,1,16,16.9,+15,Nicolas Batum
2014-02-26,25-074,POR,HOME,BRK,W (+44),1,29:00,6,12,.500,1,4,.250,6,6,1.000,0,6,6,6,2,0,1,2,19,19.2,+16,Nicolas Batum
2014-03-01,25-077,POR,HOME,DEN,W (+6),1,36:04,3,10,.300,1,5,.200,2,2,1.000,1,15,16,6,1,0,4,4,9,8.0,+6,Nicolas Batum
2014-03-03,25-079,POR,HOME,LAL,L (-1),1,37:53,6,14,.429,2,5,.400,3,5,.600,5,10,15,5,2,1,5,1,17,16.1,-1,Nicolas Batum
2014-03-05,25-081,POR,HOME,ATL,W (+24),1,29:18,5,9,.556,3,5,.600,1,2,.500,1,17,18,1,0,0,4,1,14,11.4,+22,Nicolas Batum
2014-03-07,25-083,POR,AWAY,DAL,L (-5),1,38:59,3,8,.375,1,5,.200,2,2,1.000,2,3,5,5,0,2,3,3,9,7.6,0,Nicolas Batum
2014-03-09,25-085,POR,AWAY,HOU,L (-5),1,43:26,4,10,.400,0,3,.000,0,0,,5,7,12,6,1,2,7,4,8,6.2,-7,Nicolas Batum
2014-03-11,25-087,POR,AWAY,MEM,L (-10),1,37:38,5,13,.385,3,5,.600,2,4,.500,1,7,8,1,0,0,0,0,15,10.6,-11,Nicolas Batum
2014-03-12,25-088,POR,AWAY,SAS,L (-13),1,37:54,4,11,.364,1,4,.250,4,5,.800,4,10,14,2,1,0,1,3,13,12.5,-1,Nicolas Batum
2014-03-14,25-090,POR,AWAY,NOP,W (+8),1,45:11,8,16,.500,4,8,.500,2,2,1.000,3,15,18,5,1,0,4,3,22,19.9,+14,Nicolas Batum
2014-03-16,25-092,POR,HOME,GSW,L (-1),1,42:41,7,13,.538,5,9,.556,4,5,.800,3,11,14,5,3,1,4,0,23,24.9,0,Nicolas Batum
2014-03-18,25-094,POR,HOME,MIL,W (+5),1,43:48,7,15,.467,3,7,.429,4,4,1.000,1,8,9,9,0,0,1,0,21,21.7,+3,Nicolas Batum
2014-03-20,25-096,POR,HOME,WAS,W (+13),1,34:14,5,9,.556,2,5,.400,0,0,,4,10,14,5,0,0,1,0,12,16.0,+11,Nicolas Batum
2014-03-22,25-098,POR,AWAY,CHA,L (-30),1,30:00,2,5,.400,2,4,.500,0,0,,0,6,6,6,1,1,0,4,6,9.4,-20,Nicolas Batum
2014-03-24,25-100,POR,AWAY,MIA,L (-2),1,40:03,4,8,.500,3,7,.429,0,0,,2,8,10,3,1,0,5,2,11,8.1,-2,Nicolas Batum
2014-03-25,25-101,POR,AWAY,ORL,L (-10),1,34:54,3,9,.333,0,3,.000,0,0,,1,8,9,3,1,1,6,2,6,1.0,-8,Nicolas Batum
2014-03-27,25-103,POR,AWAY,ATL,W (+15),1,36:56,5,10,.500,2,6,.333,0,0,,2,5,7,3,1,2,1,1,12,13.0,+16,Nicolas Batum
2014-03-28,25-104,POR,AWAY,CHI,W (+17),1,35:28,4,10,.400,4,7,.571,1,2,.500,2,5,7,4,0,1,2,1,13,11.2,+20,Nicolas Batum
2014-03-30,25-106,POR,HOME,MEM,W (+7),1,35:40,5,11,.455,0,2,.000,0,0,,0,5,5,6,0,0,1,3,10,7.8,+2,Nicolas Batum
2014-04-01,25-108,POR,AWAY,LAL,W (+12),1,35:34,6,13,.462,4,5,.800,0,0,,2,3,5,7,2,0,1,2,16,16.7,+18,Nicolas Batum
2014-04-04,25-111,POR,HOME,PHO,L (-16),1,37:34,6,12,.500,1,6,.167,0,0,,1,10,11,6,0,2,2,3,13,13.1,-8,Nicolas Batum
2014-04-06,25-113,POR,HOME,NOP,W (+6),1,39:09,7,12,.583,2,7,.286,0,0,,2,10,12,4,1,1,1,1,16,17.9,0,Nicolas Batum
2014-04-09,25-116,POR,HOME,SAC,W (+1),1,36:37,5,8,.625,1,3,.333,0,0,,0,1,1,6,0,1,4,3,11,7.4,-11,Nicolas Batum
2014-04-11,25-118,POR,AWAY,UTA,W (+12),1,35:18,6,11,.545,1,4,.250,2,2,1.000,0,7,7,7,2,1,0,2,15,18.6,+11,Nicolas Batum
2014-04-13,25-120,POR,HOME,GSW,W (+2),1,43:49,7,9,.778,3,5,.600,1,5,.200,0,12,12,5,1,1,3,0,18,18.7,-5,Nicolas Batum
2014-04-16,25-123,POR,HOME,LAC,W (+6),1,12:00,3,6,.500,0,2,.000,1,2,.500,1,3,4,4,0,0,2,0,7,6.0,+8,Nicolas Batum
2013-11-01,25-063,POR,AWAY,DEN,W (+15),0,1:22,0,0,,0,0,,0,0,,0,0,0,0,0,0,0,0,0,0.0,0,Victor Claver
2013-11-05,25-067,POR,HOME,HOU,L (-15),0,1:11,0,0,,0,0,,0,0,,0,0,0,0,0,0,0,0,0,0.0,+1,Victor Claver
2013-11-15,25-077,POR,AWAY,BOS,W (+13),0,1:25,0,0,,0,0,,0,0,,0,0,0,0,0,0,1,0,0,-1.0,-2,Victor Claver
2014-02-19,25-173,POR,HOME,SAS,L (-2),0,7:13,0,2,.000,0,2,.000,0,0,,0,1,1,1,0,1,0,0,0,0.3,+3,Victor Claver
2014-02-21,25-175,POR,HOME,UTA,W (+8),0,10:16,0,1,.000,0,0,,0,0,,0,1,1,1,0,1,2,1,0,-1.4,-4,Victor Claver
2014-02-23,25-177,POR,HOME,MIN,W (+11),0,24:02,2,3,.667,0,1,.000,1,2,.500,1,4,5,1,0,1,1,1,5,5.2,-3,Victor Claver
2014-02-25,25-179,POR,AWAY,DEN,W (+5),0,12:10,0,3,.000,0,1,.000,2,2,1.000,0,5,5,0,1,0,1,2,2,0.6,-6,Victor Claver
2014-02-26,25-180,POR,HOME,BRK,W (+44),0,21:42,5,7,.714,1,3,.333,2,2,1.000,1,4,5,1,0,0,1,4,13,10.1,+30,Victor Claver
2014-03-01,25-183,POR,HOME,DEN,W (+6),0,5:59,1,3,.333,0,1,.000,0,0,,0,1,1,1,0,0,0,0,2,1.3,-6,Victor Claver
2014-03-05,25-187,POR,HOME,ATL,W (+24),0,6:08,0,1,.000,0,1,.000,0,0,,0,1,1,0,0,0,1,0,0,-1.4,-3,Victor Claver
2014-03-11,25-193,POR,AWAY,MEM,L (-10),0,0:55,1,1,1.000,0,0,,0,0,,0,0,0,0,0,0,0,0,2,1.7,+2,Victor Claver
2014-03-12,25-194,POR,AWAY,SAS,L (-13),0,2:06,0,0,,0,0,,0,0,,0,0,0,0,0,0,0,0,0,0.0,+2,Victor Claver
2014-03-16,25-198,POR,HOME,GSW,L (-1),0,11:56,0,0,,0,0,,0,0,,0,3,3,0,0,0,1,1,0,-0.5,+10,Victor Claver
2014-03-20,25-202,POR,HOME,WAS,W (+13),0,19:16,2,5,.400,1,4,.250,2,2,1.000,2,4,6,2,0,0,2,5,7,4.3,+7,Victor Claver
2014-03-22,25-204,POR,AWAY,CHA,L (-30),0,16:24,1,3,.333,0,1,.000,0,0,,0,3,3,1,0,0,0,1,2,1.5,-7,Victor Claver
2014-03-25,25-207,POR,AWAY,ORL,L (-10),0,13:48,1,4,.250,0,1,.000,0,0,,1,1,2,0,0,0,0,0,2,0.6,+2,Victor Claver
2014-03-28,25-210,POR,AWAY,CHI,W (+17),0,1:59,0,0,,0,0,,0,0,,0,0,0,0,0,0,0,1,0,-0.4,-3,Victor Claver
2014-04-01,25-214,POR,AWAY,LAL,W (+12),0,0:36,0,0,,0,0,,0,0,,0,0,0,0,0,0,0,0,0,0.0,-2,Victor Claver
2014-04-04,25-217,POR,HOME,PHO,L (-16),0,1:05,0,0,,0,0,,0,0,,0,0,0,0,0,0,0,0,0,0.0,-2,Victor Claver
2014-04-11,25-224,POR,AWAY,UTA,W (+12),0,1:01,0,0,,0,0,,0,0,,0,0,0,0,0,0,0,0,0,0.0,0,Victor Claver
2014-04-16,25-229,POR,HOME,LAC,W (+6),0,23:12,4,9,.444,1,3,.333,3,3,1.000,4,2,6,4,2,0,1,0,12,14.5,+4,Victor Claver
2013-11-01,21-206,POR,AWAY,DEN,W (+15),0,1:22,0,1,.000,0,0,,0,0,,0,0,0,0,0,0,0,0,0,-0.7,0,Allen Crabbe
2013-11-05,21-210,POR,HOME,HOU,L (-15),0,1:11,0,0,,0,0,,0,0,,0,0,0,0,0,0,0,0,0,0.0,+1,Allen Crabbe
2013-11-15,21-220,POR,AWAY,BOS,W (+13),0,1:24,0,0,,0,0,,0,0,,0,0,0,0,0,0,0,0,0,0.0,-2,Allen Crabbe
2013-11-23,21-228,POR,AWAY,GSW,W (+12),0,0:59,0,0,,0,0,,0,0,,0,0,0,0,0,0,0,1,0,-0.4,-1,Allen Crabbe
2013-11-27,21-232,POR,AWAY,PHO,L (-14),0,5:13,1,1,1.000,0,0,,2,3,.667,0,1,1,1,0,0,0,0,4,4.3,+8,Allen Crabbe
2013-12-06,21-241,POR,HOME,UTA,W (+32),0,10:56,3,6,.500,2,2,1.000,0,0,,0,0,0,0,1,0,1,0,8,5.0,-6,Allen Crabbe
2013-12-14,21-249,POR,AWAY,PHI,W (+34),0,12:25,2,4,.500,2,3,.667,1,1,1.000,0,0,0,2,0,0,2,0,7,4.4,+3,Allen Crabbe
2014-01-02,21-268,POR,HOME,CHA,W (+30),0,7:06,1,3,.333,1,3,.333,0,0,,0,0,0,0,0,0,0,1,3,0.9,+1,Allen Crabbe
2014-02-21,21-318,POR,HOME,UTA,W (+8),0,3:26,0,1,.000,0,0,,0,0,,0,0,0,0,0,0,0,1,0,-1.1,-1,Allen Crabbe
2014-02-23,21-320,POR,HOME,MIN,W (+11),0,1:08,0,0,,0,0,,0,0,,0,0,0,0,0,0,0,0,0,0.0,0,Allen Crabbe
2014-02-26,21-323,POR,HOME,BRK,W (+44),0,7:09,0,4,.000,0,3,.000,0,0,,0,1,1,0,0,0,0,0,0,-2.5,+13,Allen Crabbe
2014-03-05,21-330,POR,HOME,ATL,W (+24),0,6:08,1,2,.500,0,1,.000,0,0,,0,0,0,0,0,0,0,1,2,0.6,-3,Allen Crabbe
2014-03-20,21-345,POR,HOME,WAS,W (+13),0,1:43,0,0,,0,0,,0,0,,0,0,0,0,0,0,0,0,0,0.0,0,Allen Crabbe
2014-03-22,21-347,POR,AWAY,CHA,L (-30),0,10:34,2,3,.667,1,1,1.000,0,0,,0,2,2,1,0,0,0,0,5,5.0,0,Allen Crabbe
2014-04-16,22-007,POR,HOME,LAC,W (+6),0,29:02,2,8,.250,0,1,.000,0,0,,1,4,5,2,1,1,0,6,4,1.8,-11,Allen Crabbe
2013-10-30,26-265,POR,AWAY,PHO,L (-13),0,12:12,1,3,.333,0,0,,1,2,.500,3,1,4,1,0,0,1,2,3,2.2,-5,Joel Freeland
2013-11-01,26-267,POR,AWAY,DEN,W (+15),0,22:24,1,7,.143,0,0,,3,4,.750,4,3,7,3,0,1,1,3,5,4.4,+12,Joel Freeland
2013-11-02,26-268,POR,HOME,SAS,W (+10),0,8:15,1,2,.500,0,0,,2,2,1.000,0,1,1,0,0,0,2,2,4,0.5,-3,Joel Freeland
2013-11-08,26-274,POR,HOME,SAC,W (+13),0,16:35,2,4,.500,0,0,,0,0,,2,2,4,2,1,2,0,3,4,6.6,+10,Joel Freeland
2013-11-09,26-275,POR,AWAY,SAC,W (+11),0,14:51,2,5,.400,0,0,,0,0,,1,0,1,2,0,1,1,3,4,1.9,+2,Joel Freeland
2013-11-11,26-277,POR,HOME,DET,W (+6),0,19:08,3,5,.600,0,0,,0,0,,4,2,6,1,0,0,1,2,6,6.0,+7,Joel Freeland
2013-11-13,26-279,POR,HOME,PHO,W (+1),0,13:10,1,1,1.000,0,0,,0,0,,1,2,3,2,0,0,1,2,2,2.6,-6,Joel Freeland
2013-11-15,26-281,POR,AWAY,BOS,W (+13),0,12:04,1,2,.500,0,1,.000,0,0,,2,2,4,0,1,1,0,2,2,3.9,0,Joel Freeland
2013-11-17,26-283,POR,AWAY,TOR,W (+8),0,12:26,1,2,.500,0,0,,0,0,,2,0,2,1,1,0,0,5,2,2.1,+11,Joel Freeland
2013-11-18,26-284,POR,AWAY,BRK,W (+10),0,18:13,2,5,.400,0,0,,0,0,,1,3,4,0,0,0,2,3,4,-0.3,+4,Joel Freeland
2013-11-20,26-286,POR,AWAY,MIL,W (+9),0,16:28,0,2,.000,0,0,,2,2,1.000,4,1,5,1,1,1,1,1,2,4.7,-5,Joel Freeland
2013-11-22,26-288,POR,HOME,CHI,W (+3),0,14:22,0,0,,0,0,,0,0,,0,2,2,0,0,0,1,3,0,-1.6,-8,Joel Freeland
2013-11-23,26-289,POR,AWAY,GSW,W (+12),0,13:26,3,4,.750,0,0,,0,0,,2,2,4,1,0,1,1,0,6,6.8,+3,Joel Freeland
2013-11-25,26-291,POR,HOME,NYK,W (+11),0,12:36,1,3,.333,0,1,.000,0,0,,0,1,1,0,1,1,1,0,2,1.3,+6,Joel Freeland
2013-11-27,26-293,POR,AWAY,PHO,L (-14),0,12:39,2,5,.400,0,0,,2,2,1.000,3,1,4,2,0,1,0,1,6,7.4,+5,Joel Freeland
2013-12-01,26-297,POR,AWAY,LAL,W (+6),0,16:18,3,6,.500,0,0,,0,0,,2,3,5,1,0,0,0,1,6,5.6,0,Joel Freeland
2013-12-02,26-298,POR,HOME,IND,W (+4),0,16:05,1,1,1.000,0,0,,0,0,,2,2,4,1,0,0,1,1,2,3.0,+12,Joel Freeland
2013-12-04,26-300,POR,HOME,OKC,W (+7),0,14:50,0,2,.000,0,0,,2,2,1.000,0,1,1,1,0,2,0,0,2,3.0,-4,Joel Freeland
2013-12-06,26-302,POR,HOME,UTA,W (+32),0,13:21,2,4,.500,0,0,,0,0,,1,2,3,1,0,1,4,2,4,-0.1,+7,Joel Freeland
2013-12-07,26-303,POR,HOME,DAL,L (-2),0,13:04,0,0,,0,0,,0,0,,1,3,4,1,0,0,2,1,0,-0.1,-2,Joel Freeland
2013-12-09,26-305,POR,AWAY,UTA,W (+11),0,13:53,0,2,.000,0,0,,2,2,1.000,1,3,4,0,1,1,0,4,2,2.3,-4,Joel Freeland
2013-12-12,26-308,POR,HOME,HOU,W (+7),0,13:11,1,2,.500,0,0,,0,0,,0,3,3,0,0,0,0,1,2,1.5,-1,Joel Freeland
2013-12-14,26-310,POR,AWAY,PHI,W (+34),0,15:15,4,6,.667,0,0,,0,0,,2,1,3,1,0,1,0,0,8,8.5,0,Joel Freeland
2013-12-15,26-311,POR,AWAY,DET,W (+2),0,14:29,2,3,.667,0,0,,0,0,,1,4,5,1,0,0,2,2,4,2.5,+3,Joel Freeland
2013-12-17,26-313,POR,AWAY,CLE,W (+3),0,27:14,0,0,,0,0,,0,0,,5,2,7,1,0,1,0,2,0,4.7,+9,Joel Freeland
2013-12-18,26-314,POR,AWAY,MIN,L (-11),0,15:17,2,2,1.000,0,0,,0,0,,0,3,3,0,0,0,2,2,4,1.5,-25,Joel Freeland
2013-12-21,26-317,POR,HOME,NOP,W (+3),0,17:14,2,4,.500,0,0,,0,0,,4,2,6,0,0,0,0,2,4,4.6,-2,Joel Freeland
2013-12-26,26-322,POR,HOME,LAC,W (+4),0,12:22,1,3,.333,0,0,,0,0,,3,5,8,0,0,0,0,0,2,3.9,-3,Joel Freeland
2013-12-28,26-324,POR,HOME,MIA,L (-1),0,14:44,2,4,.500,0,0,,1,2,.500,3,9,12,1,0,0,0,2,5,7.3,+2,Joel Freeland
2013-12-30,26-326,POR,AWAY,NOP,L (-2),0,12:22,2,5,.400,0,0,,0,0,,2,3,5,1,1,0,1,2,4,3.5,-4,Joel Freeland
2013-12-31,26-327,POR,AWAY,OKC,W (+4),0,11:31,1,3,.333,0,0,,0,0,,0,3,3,0,0,1,1,2,2,0.1,-4,Joel Freeland
2014-01-02,26-329,POR,HOME,CHA,W (+30),0,13:23,3,7,.429,0,0,,0,0,,1,2,3,0,1,0,0,2,6,3.8,+2,Joel Freeland
2014-01-04,26-331,POR,HOME,PHI,L (-2),0,13:45,2,4,.500,0,0,,0,0,,2,3,5,0,0,0,0,3,4,3.1,+10,Joel Freeland
2014-01-07,26-334,POR,AWAY,SAC,L (-4),0,9:29,1,1,1.000,0,0,,0,0,,2,1,3,0,0,1,0,1,2,3.7,-2,Joel Freeland
2014-01-08,26-335,POR,HOME,ORL,W (+16),0,18:00,1,3,.333,0,0,,1,2,.500,3,0,3,1,1,1,1,0,3,4.4,+6,Joel Freeland
2014-01-11,26-338,POR,HOME,BOS,W (+8),0,13:56,2,6,.333,0,0,,0,2,.000,3,2,5,2,0,0,1,3,4,1.7,+2,Joel Freeland
2014-01-15,26-342,POR,HOME,CLE,W (+12),0,14:37,2,3,.667,0,0,,0,1,.000,0,1,1,0,0,0,2,1,4,0.2,+1,Joel Freeland
2014-01-17,26-344,POR,AWAY,SAS,W (+9),0,13:10,0,2,.000,0,0,,0,0,,0,5,5,0,0,0,0,3,0,-1.1,-10,Joel Freeland
2014-01-18,26-345,POR,AWAY,DAL,W (+16),0,12:57,3,3,1.000,0,0,,0,0,,2,3,5,1,0,0,0,2,6,7.3,+9,Joel Freeland
2014-01-20,26-347,POR,AWAY,HOU,L (-13),0,4:06,0,0,,0,0,,0,0,,0,0,0,0,1,0,0,3,0,-0.2,-9,Joel Freeland
2014-01-21,26-348,POR,AWAY,OKC,L (-8),0,13:47,1,2,.500,0,0,,0,0,,1,1,2,0,0,0,0,4,2,0.4,-9,Joel Freeland
2014-01-23,26-350,POR,HOME,DEN,W (+5),0,8:38,0,2,.000,0,0,,0,0,,1,0,1,0,0,0,0,2,0,-1.5,-7,Joel Freeland
2014-01-25,26-352,POR,HOME,MIN,W (+11),0,13:40,2,2,1.000,0,0,,0,0,,1,5,6,1,0,0,1,3,4,4.1,+16,Joel Freeland
2014-01-26,26-353,POR,AWAY,GSW,L (-15),0,11:27,4,4,1.000,0,0,,0,0,,2,5,7,1,0,1,0,0,8,11.1,+6,Joel Freeland
2014-01-28,26-355,POR,HOME,MEM,L (-17),0,5:52,1,2,.500,0,0,,1,1,1.000,3,0,3,0,0,0,0,1,3,3.7,-7,Joel Freeland
2014-02-01,26-359,POR,HOME,TOR,W (+3),0,19:20,1,2,.500,0,0,,2,2,1.000,2,3,5,0,0,0,1,4,4,2.7,+3,Joel Freeland
2014-02-03,26-361,POR,AWAY,WAS,L (-10),0,11:59,1,3,.333,0,0,,0,0,,1,4,5,0,0,1,0,1,2,2.5,-8,Joel Freeland
2014-02-05,26-363,POR,AWAY,NYK,W (+4),0,13:36,1,3,.333,0,0,,0,0,,1,2,3,0,0,1,0,2,2,1.5,+3,Joel Freeland
2014-02-07,27-000,POR,AWAY,IND,L (-5),0,17:36,0,2,.000,0,0,,0,0,,0,5,5,1,0,1,0,2,0,0.7,-6,Joel Freeland
2014-02-08,27-001,POR,AWAY,MIN,W (+7),0,17:53,5,7,.714,0,0,,1,3,.333,5,1,6,1,0,0,0,1,11,11.4,+14,Joel Freeland
2014-02-11,27-004,POR,HOME,OKC,L (-3),0,2:18,0,0,,0,0,,0,0,,0,0,0,0,0,0,0,0,0,0.0,-2,Joel Freeland
2014-04-16,27-068,POR,HOME,LAC,W (+6),0,17:46,3,7,.429,0,0,,0,0,,2,5,7,2,0,0,0,1,6,6.2,-2,Joel Freeland
2013-11-01,21-247,POR,AWAY,DEN,W (+15),0,1:22,0,0,,0,0,,0,0,,0,2,2,0,0,0,0,0,0,0.6,0,Meyers Leonard
2013-11-05,21-251,POR,HOME,HOU,L (-15),0,14:11,2,3,.667,0,0,,2,2,1.000,1,1,2,0,0,0,0,3,6,4.5,-7,Meyers Leonard
2013-11-27,21-273,POR,AWAY,PHO,L (-14),0,5:13,1,1,1.000,0,0,,2,2,1.000,0,1,1,1,0,0,0,2,4,3.9,+8,Meyers Leonard
2013-12-06,21-282,POR,HOME,UTA,W (+32),0,12:00,0,3,.000,0,0,,2,2,1.000,5,1,6,0,1,1,1,3,2,3.2,-6,Meyers Leonard
2013-12-14,21-290,POR,AWAY,PHI,W (+34),0,4:41,1,1,1.000,0,0,,0,0,,1,0,1,0,0,0,0,2,2,1.6,+2,Meyers Leonard
2013-12-18,21-294,POR,AWAY,MIN,L (-11),0,5:21,0,0,,0,0,,0,0,,0,0,0,0,0,0,0,1,0,-0.4,+6,Meyers Leonard
2013-12-21,21-297,POR,HOME,NOP,W (+3),0,10:16,1,1,1.000,0,0,,0,0,,0,4,4,0,0,1,0,2,2,2.8,+1,Meyers Leonard
2013-12-26,21-302,POR,HOME,LAC,W (+4),0,12:40,1,3,.333,0,1,.000,0,0,,0,7,7,1,0,0,0,2,2,2.3,-6,Meyers Leonard
2013-12-28,21-304,POR,HOME,MIA,L (-1),0,11:08,3,5,.600,0,1,.000,0,0,,1,4,5,0,0,0,1,1,6,4.2,+3,Meyers Leonard
2013-12-30,21-306,POR,AWAY,NOP,L (-2),0,4:42,0,1,.000,0,0,,0,0,,0,0,0,0,0,0,1,1,0,-2.1,-4,Meyers Leonard
2013-12-31,21-307,POR,AWAY,OKC,W (+4),0,4:35,1,2,.500,0,0,,0,0,,0,2,2,0,0,0,0,0,2,1.6,-2,Meyers Leonard
2014-01-02,21-309,POR,HOME,CHA,W (+30),0,19:36,4,7,.571,0,2,.000,0,0,,2,8,10,2,0,0,1,2,8,8.1,+13,Meyers Leonard
2014-01-04,21-311,POR,HOME,PHI,L (-2),0,11:07,1,2,.500,0,0,,0,0,,1,5,6,0,1,0,0,2,2,3.4,+4,Meyers Leonard
2014-01-07,21-314,POR,AWAY,SAC,L (-4),0,7:37,0,1,.000,0,0,,2,2,1.000,0,4,4,0,0,0,1,4,2,-0.1,-10,Meyers Leonard
2014-01-08,21-315,POR,HOME,ORL,W (+16),0,6:51,0,2,.000,0,0,,0,0,,0,0,0,0,0,0,0,1,0,-1.8,-8,Meyers Leonard
2014-01-18,21-325,POR,AWAY,DAL,W (+16),0,8:25,0,3,.000,0,0,,0,0,,1,1,2,2,0,0,0,3,0,-0.9,-19,Meyers Leonard
2014-01-20,21-327,POR,AWAY,HOU,L (-13),0,6:44,2,2,1.000,0,0,,0,0,,0,0,0,0,1,0,1,1,4,3.0,+5,Meyers Leonard
2014-01-28,21-335,POR,HOME,MEM,L (-17),0,9:06,0,1,.000,0,0,,1,1,1.000,1,1,2,1,1,0,0,2,1,2.2,+1,Meyers Leonard
2014-02-05,21-343,POR,AWAY,NYK,W (+4),0,8:54,1,2,.500,0,0,,0,0,,0,1,1,0,0,0,1,3,2,-0.9,-11,Meyers Leonard
2014-02-11,21-349,POR,HOME,OKC,L (-3),0,13:34,2,5,.400,0,1,.000,0,0,,2,1,3,0,1,0,1,3,4,1.8,-10,Meyers Leonard
2014-02-12,21-350,POR,AWAY,LAC,L (-5),0,13:33,4,5,.800,0,0,,0,0,,2,2,4,0,0,1,0,2,8,8.0,+9,Meyers Leonard
2014-03-01,22-002,POR,HOME,DEN,W (+6),0,16:24,3,6,.500,0,0,,2,3,.667,0,5,5,1,0,0,0,4,8,5.2,-4,Meyers Leonard
2014-03-03,22-004,POR,HOME,LAL,L (-1),0,13:48,0,0,,0,0,,1,2,.500,1,3,4,0,0,0,0,3,1,1.0,-4,Meyers Leonard
2014-03-05,22-006,POR,HOME,ATL,W (+24),0,17:25,2,3,.667,0,0,,0,0,,1,6,7,4,1,0,2,2,4,6.2,+3,Meyers Leonard
2014-03-07,22-008,POR,AWAY,DAL,L (-5),0,5:59,1,2,.500,0,0,,0,0,,0,1,1,0,0,0,0,2,2,0.5,-14,Meyers Leonard
2014-03-09,22-010,POR,AWAY,HOU,L (-5),0,8:03,1,1,1.000,0,0,,0,0,,1,2,3,0,0,0,0,2,2,2.2,-4,Meyers Leonard
2014-03-11,22-012,POR,AWAY,MEM,L (-10),0,14:10,4,6,.667,0,0,,0,0,,2,3,5,0,0,0,0,2,8,6.9,0,Meyers Leonard
2014-03-12,22-013,POR,AWAY,SAS,L (-13),0,7:50,0,3,.000,0,0,,2,2,1.000,0,2,2,0,0,0,0,3,2,-0.7,-8,Meyers Leonard
2014-03-14,22-015,POR,AWAY,NOP,W (+8),0,7:27,0,0,,0,0,,0,0,,0,0,0,2,0,0,2,2,0,-1.4,-2,Meyers Leonard
2014-03-18,22-019,POR,HOME,MIL,W (+5),0,15:32,1,3,.333,0,0,,0,0,,0,4,4,1,0,0,1,3,2,0.0,+2,Meyers Leonard
2014-03-20,22-021,POR,HOME,WAS,W (+13),0,2:05,0,0,,0,0,,1,2,.500,0,0,0,0,0,0,0,2,1,-0.2,-1,Meyers Leonard
2014-03-22,22-023,POR,AWAY,CHA,L (-30),0,13:12,0,4,.000,0,1,.000,0,2,.000,0,3,3,0,0,2,1,1,0,-2.7,-10,Meyers Leonard
2014-03-24,22-025,POR,AWAY,MIA,L (-2),0,14:54,0,2,.000,0,0,,0,0,,0,5,5,2,1,0,0,4,0,0.9,+4,Meyers Leonard
2014-03-25,22-026,POR,AWAY,ORL,L (-10),0,1:07,1,1,1.000,0,0,,0,0,,0,0,0,0,0,0,0,0,2,1.7,+2,Meyers Leonard
2014-03-28,22-029,POR,AWAY,CHI,W (+17),0,1:59,0,1,.000,0,0,,0,0,,0,0,0,0,0,0,0,0,0,-0.7,-3,Meyers Leonard
2014-04-01,22-033,POR,AWAY,LAL,W (+12),0,1:32,0,0,,0,0,,0,0,,0,0,0,0,0,0,0,1,0,-0.4,-4,Meyers Leonard
2014-04-04,22-036,POR,HOME,PHO,L (-16),0,1:05,0,0,,0,0,,0,0,,0,0,0,0,0,0,0,0,0,0.0,-2,Meyers Leonard
2014-04-06,22-038,POR,HOME,NOP,W (+6),0,3:57,1,1,1.000,0,0,,0,0,,1,1,2,0,0,0,0,2,2,1.9,-10,Meyers Leonard
2014-04-11,22-043,POR,AWAY,UTA,W (+12),0,1:01,0,0,,0,0,,0,0,,0,0,0,0,0,0,0,0,0,0.0,0,Meyers Leonard
2014-04-16,22-048,POR,HOME,LAC,W (+6),0,16:06,3,8,.375,0,0,,1,1,1.000,3,5,8,1,0,0,1,3,7,4.7,-2,Meyers Leonard
2013-10-30,23-107,POR,AWAY,PHO,L (-13),1,42:12,10,20,.500,6,12,.500,6,8,.750,2,2,4,2,1,1,0,2,32,25.5,-11,Damian Lillard
2013-11-01,23-109,POR,AWAY,DEN,W (+15),1,34:09,6,13,.462,3,4,.750,3,3,1.000,0,4,4,7,0,0,1,4,18,14.8,+18,Damian Lillard
2013-11-02,23-110,POR,HOME,SAS,W (+10),1,36:06,7,16,.438,3,8,.375,8,8,1.000,0,7,7,7,0,0,3,2,25,19.8,+16,Damian Lillard
2013-11-05,23-113,POR,HOME,HOU,L (-15),1,42:12,7,17,.412,4,9,.444,4,7,.571,0,4,4,5,0,0,3,3,22,12.2,-3,Damian Lillard
2013-11-08,23-116,POR,HOME,SAC,W (+13),1,37:23,5,13,.385,4,9,.444,8,8,1.000,0,8,8,7,1,0,3,0,22,20.2,+13,Damian Lillard
2013-11-09,23-117,POR,AWAY,SAC,W (+11),1,36:45,1,15,.067,0,5,.000,2,4,.500,2,4,6,6,3,0,1,1,4,1.5,-4,Damian Lillard
2013-11-11,23-119,POR,HOME,DET,W (+6),1,35:00,7,16,.438,5,8,.625,6,6,1.000,0,5,5,4,0,1,2,3,25,18.4,+6,Damian Lillard
2013-11-13,23-121,POR,HOME,PHO,W (+1),1,35:02,4,13,.308,0,2,.000,3,4,.750,0,3,3,8,2,0,2,1,11,9.2,+8,Damian Lillard
2013-11-15,23-123,POR,AWAY,BOS,W (+13),1,30:59,6,15,.400,2,6,.333,3,3,1.000,0,2,2,4,0,0,6,4,17,4.7,+4,Damian Lillard
2013-11-17,23-125,POR,AWAY,TOR,W (+8),1,41:21,10,22,.455,3,10,.300,2,2,1.000,1,4,5,8,1,0,3,3,25,17.9,-2,Damian Lillard
2013-11-18,23-126,POR,AWAY,BRK,W (+10),1,36:17,6,13,.462,2,7,.286,5,5,1.000,0,2,2,9,0,0,1,4,19,16.6,-2,Damian Lillard
2013-11-20,23-128,POR,AWAY,MIL,W (+9),1,37:30,7,18,.389,2,7,.286,3,3,1.000,0,6,6,3,1,1,3,2,19,11.0,-5,Damian Lillard
2013-11-22,23-130,POR,HOME,CHI,W (+3),1,34:59,6,14,.429,3,5,.600,5,5,1.000,0,2,2,6,1,0,2,5,20,14.4,+4,Damian Lillard
2013-11-23,23-131,POR,AWAY,GSW,W (+12),1,36:09,6,20,.300,2,7,.286,6,6,1.000,0,1,1,9,1,0,1,4,20,13.4,+14,Damian Lillard
2013-11-25,23-133,POR,HOME,NYK,W (+11),1,36:09,9,20,.450,2,7,.286,3,3,1.000,1,3,4,6,1,0,1,1,23,18.0,+15,Damian Lillard
2013-11-27,23-135,POR,AWAY,PHO,L (-14),1,32:35,5,12,.417,3,5,.600,3,3,1.000,0,0,0,1,0,0,3,2,16,6.5,-23,Damian Lillard
2013-12-01,23-139,POR,AWAY,LAL,W (+6),1,37:34,7,19,.368,4,9,.444,8,9,.889,0,5,5,9,1,1,2,2,26,21.8,+21,Damian Lillard
2013-12-02,23-140,POR,HOME,IND,W (+4),1,37:28,7,17,.412,2,4,.500,10,10,1.000,1,5,6,2,0,2,4,2,26,17.1,+9,Damian Lillard
2013-12-04,23-142,POR,HOME,OKC,W (+7),1,35:59,4,14,.286,2,7,.286,4,5,.800,0,1,1,6,1,0,2,3,14,7.7,+15,Damian Lillard
2013-12-06,23-144,POR,HOME,UTA,W (+32),1,25:24,7,9,.778,5,6,.833,2,2,1.000,1,2,3,6,1,1,3,1,21,21.3,+35,Damian Lillard
2013-12-07,23-145,POR,HOME,DAL,L (-2),1,37:21,9,18,.500,5,9,.556,9,9,1.000,0,1,1,5,0,0,1,2,32,25.0,+2,Damian Lillard
2013-12-09,23-147,POR,AWAY,UTA,W (+11),1,34:08,5,14,.357,1,5,.200,7,7,1.000,0,5,5,3,1,0,0,4,18,13.2,-2,Damian Lillard
2013-12-12,23-150,POR,HOME,HOU,W (+7),1,34:22,1,10,.100,1,4,.250,5,5,1.000,0,0,0,6,0,1,2,2,8,3.5,+20,Damian Lillard
2013-12-14,23-152,POR,AWAY,PHI,W (+34),1,25:55,5,9,.556,4,6,.667,2,2,1.000,0,1,1,6,0,0,3,3,16,12.0,+30,Damian Lillard
2013-12-15,23-153,POR,AWAY,DET,W (+2),1,40:54,6,21,.286,0,7,.000,11,12,.917,1,1,2,7,3,0,2,1,23,16.8,-2,Damian Lillard
2013-12-17,23-155,POR,AWAY,CLE,W (+3),1,37:35,11,23,.478,8,12,.667,6,7,.857,2,6,8,10,0,1,3,1,36,31.4,0,Damian Lillard
2013-12-18,23-156,POR,AWAY,MIN,L (-11),1,41:25,13,24,.542,7,14,.500,3,7,.429,1,5,6,6,3,1,3,5,36,27.9,-9,Damian Lillard
2013-12-21,23-159,POR,HOME,NOP,W (+3),1,36:57,11,21,.524,4,10,.400,3,4,.750,2,0,2,5,0,0,2,5,29,19.2,+13,Damian Lillard
2013-12-26,23-164,POR,HOME,LAC,W (+4),1,41:25,4,12,.333,2,5,.400,4,5,.800,0,5,5,4,0,0,4,1,14,6.7,+5,Damian Lillard
2013-12-28,23-166,POR,HOME,MIA,L (-1),1,35:17,5,9,.556,4,7,.571,2,2,1.000,0,1,1,7,1,0,4,0,16,13.9,-2,Damian Lillard
2013-12-30,23-168,POR,AWAY,NOP,L (-2),1,41:01,10,18,.556,5,8,.625,4,5,.800,0,3,3,5,1,0,0,2,29,24.6,+8,Damian Lillard
2013-12-31,23-169,POR,AWAY,OKC,W (+4),1,40:35,6,15,.400,4,10,.400,5,5,1.000,1,5,6,11,1,0,2,3,21,20.6,+11,Damian Lillard
2014-01-02,23-171,POR,HOME,CHA,W (+30),1,29:22,9,13,.692,6,6,1.000,0,0,,0,0,0,7,2,0,2,2,24,22.6,+23,Damian Lillard
2014-01-04,23-173,POR,HOME,PHI,L (-2),1,35:00,6,20,.300,1,6,.167,4,4,1.000,1,1,2,1,0,2,6,2,17,1.7,-15,Damian Lillard
2014-01-07,23-176,POR,AWAY,SAC,L (-4),1,37:54,13,24,.542,7,13,.538,8,8,1.000,0,7,7,4,0,1,6,5,41,27.0,-10,Damian Lillard
2014-01-08,23-177,POR,HOME,ORL,W (+16),1,33:38,4,12,.333,3,8,.375,0,0,,0,7,7,2,0,1,1,0,11,7.4,+13,Damian Lillard
2014-01-11,23-180,POR,HOME,BOS,W (+8),1,34:23,5,15,.333,1,4,.250,4,5,.800,0,2,2,6,1,0,2,4,15,8.3,+8,Damian Lillard
2014-01-15,23-184,POR,HOME,CLE,W (+12),1,35:52,10,20,.500,5,10,.500,3,4,.750,0,6,6,5,2,0,0,2,28,24.1,+10,Damian Lillard
2014-01-17,23-186,POR,AWAY,SAS,W (+9),1,37:06,6,16,.375,1,5,.200,8,8,1.000,1,4,5,9,1,0,2,1,21,19.0,+16,Damian Lillard
2014-01-18,23-187,POR,AWAY,DAL,W (+16),1,30:56,3,8,.375,2,6,.333,6,6,1.000,0,5,5,10,0,0,1,3,14,15.9,+28,Damian Lillard
2014-01-20,23-189,POR,AWAY,HOU,L (-13),1,35:52,7,17,.412,3,8,.375,7,8,.875,0,1,1,5,0,0,4,3,24,13.1,-14,Damian Lillard
2014-01-21,23-190,POR,AWAY,OKC,L (-8),1,35:24,6,15,.400,0,5,.000,2,4,.500,0,2,2,4,1,1,0,1,14,9.8,-2,Damian Lillard
2014-01-23,23-192,POR,HOME,DEN,W (+5),1,36:37,5,10,.500,0,4,.000,1,1,1.000,0,2,2,3,0,2,3,3,11,5.9,+2,Damian Lillard
2014-01-25,23-194,POR,HOME,MIN,W (+11),1,32:41,5,17,.294,1,4,.250,3,3,1.000,0,1,1,5,1,0,3,2,14,5.1,-8,Damian Lillard
2014-01-26,23-195,POR,AWAY,GSW,L (-15),1,34:10,5,16,.313,2,7,.286,4,6,.667,1,2,3,4,0,1,2,2,16,8.0,-15,Damian Lillard
2014-01-28,23-197,POR,HOME,MEM,L (-17),1,37:25,7,16,.438,2,9,.222,0,0,,1,0,1,3,0,0,3,2,16,6.6,-4,Damian Lillard
2014-02-01,23-201,POR,HOME,TOR,W (+3),1,37:07,8,15,.533,1,4,.250,4,5,.800,0,6,6,7,1,0,0,2,21,20.2,+7,Damian Lillard
2014-02-03,23-203,POR,AWAY,WAS,L (-10),1,37:29,8,19,.421,2,7,.286,7,7,1.000,1,5,6,8,0,0,3,3,25,18.5,-2,Damian Lillard
2014-02-05,23-205,POR,AWAY,NYK,W (+4),1,38:05,4,12,.333,1,6,.167,3,5,.600,1,4,5,4,1,0,4,0,12,6.1,+4,Damian Lillard
2014-02-07,23-207,POR,AWAY,IND,L (-5),1,44:48,15,26,.577,4,7,.571,4,5,.800,0,3,3,11,0,0,3,5,38,29.0,-12,Damian Lillard
2014-02-08,23-208,POR,AWAY,MIN,W (+7),1,30:47,3,10,.300,1,4,.250,7,7,1.000,1,4,5,4,1,1,3,5,14,9.6,+8,Damian Lillard
2014-02-11,23-211,POR,HOME,OKC,L (-3),1,36:52,5,15,.333,1,7,.143,5,6,.833,0,3,3,7,1,0,1,1,16,12.5,+5,Damian Lillard
2014-02-12,23-212,POR,AWAY,LAC,L (-5),1,30:50,8,12,.667,3,5,.600,2,2,1.000,0,1,1,5,0,0,6,5,21,11.6,-3,Damian Lillard
2014-02-19,23-219,POR,HOME,SAS,L (-2),1,38:23,13,21,.619,1,3,.333,4,5,.800,1,3,4,6,0,0,2,3,31,23.7,+9,Damian Lillard
2014-02-21,23-221,POR,HOME,UTA,W (+8),1,37:03,11,28,.393,2,5,.400,4,4,1.000,0,2,2,7,1,0,2,1,28,16.9,+14,Damian Lillard
2014-02-23,23-223,POR,HOME,MIN,W (+11),1,29:46,11,17,.647,5,8,.625,5,5,1.000,0,2,2,5,0,0,1,5,32,25.6,+3,Damian Lillard
2014-02-25,23-225,POR,AWAY,DEN,W (+5),1,37:12,8,21,.381,4,11,.364,11,13,.846,0,7,7,9,1,1,3,1,31,25.4,+18,Damian Lillard
2014-02-26,23-226,POR,HOME,BRK,W (+44),1,28:54,6,11,.545,2,3,.667,0,0,,0,1,1,0,1,0,2,2,14,7.2,+16,Damian Lillard
2014-03-01,23-229,POR,HOME,DEN,W (+6),1,35:04,7,13,.538,0,5,.000,3,3,1.000,1,4,5,2,3,0,1,1,17,15.6,+3,Damian Lillard
2014-03-03,23-231,POR,HOME,LAL,L (-1),1,35:18,8,19,.421,3,8,.375,1,4,.250,1,4,5,5,0,0,4,1,20,9.7,0,Damian Lillard
2014-03-05,23-233,POR,HOME,ATL,W (+24),1,24:56,4,9,.444,2,5,.400,2,2,1.000,0,4,4,7,1,0,1,2,12,12.6,+18,Damian Lillard
2014-03-07,23-235,POR,AWAY,DAL,L (-5),1,35:04,3,10,.300,1,6,.167,3,3,1.000,0,3,3,4,0,0,5,3,10,1.7,-7,Damian Lillard
2014-03-09,23-237,POR,AWAY,HOU,L (-5),1,33:04,7,13,.538,3,5,.600,4,4,1.000,0,4,4,4,2,0,7,6,21,11.3,-2,Damian Lillard
2014-03-11,23-239,POR,AWAY,MEM,L (-10),1,38:38,8,21,.381,4,8,.500,12,13,.923,2,2,4,7,0,0,2,4,32,23.4,-8,Damian Lillard
2014-03-12,23-240,POR,AWAY,SAS,L (-13),1,39:38,9,22,.409,2,7,.286,3,4,.750,2,3,5,3,1,0,2,2,23,13.4,-9,Damian Lillard
2014-03-14,23-242,POR,AWAY,NOP,W (+8),1,41:29,8,17,.471,3,8,.375,8,10,.800,0,3,3,5,0,1,3,1,27,19.2,+9,Damian Lillard
2014-03-16,23-244,POR,HOME,GSW,L (-1),1,38:54,8,22,.364,1,6,.167,9,10,.900,2,0,2,7,0,0,0,1,26,19.3,+4,Damian Lillard
2014-03-18,23-246,POR,HOME,MIL,W (+5),1,39:01,7,21,.333,1,11,.091,5,5,1.000,0,1,1,4,1,0,5,5,20,5.2,+3,Damian Lillard
2014-03-20,23-248,POR,HOME,WAS,W (+13),1,34:53,8,18,.444,3,8,.375,4,5,.800,1,5,6,10,0,0,1,1,23,21.0,+10,Damian Lillard
2014-03-22,23-250,POR,AWAY,CHA,L (-30),1,31:38,7,19,.368,3,6,.500,3,3,1.000,0,2,2,4,0,0,0,0,20,12.9,-17,Damian Lillard
2014-03-24,23-252,POR,AWAY,MIA,L (-2),1,40:18,3,15,.200,1,8,.125,12,14,.857,1,3,4,6,2,0,1,2,19,14.9,-12,Damian Lillard
2014-03-25,23-253,POR,AWAY,ORL,L (-10),1,36:00,5,17,.294,0,4,.000,7,8,.875,0,0,0,2,1,0,3,3,17,4.9,-10,Damian Lillard
2014-03-27,23-255,POR,AWAY,ATL,W (+15),1,34:11,7,15,.467,4,9,.444,3,4,.750,0,6,6,4,0,0,2,4,21,13.9,+9,Damian Lillard
2014-03-28,23-256,POR,AWAY,CHI,W (+17),1,37:02,6,14,.429,3,5,.600,1,2,.500,0,4,4,4,1,0,1,1,16,11.8,+29,Damian Lillard
2014-03-30,23-258,POR,HOME,MEM,W (+7),1,37:55,4,10,.400,2,5,.400,3,4,.750,0,4,4,5,2,0,4,0,13,9.9,+5,Damian Lillard
2014-04-01,23-260,POR,AWAY,LAL,W (+12),1,35:31,10,22,.455,5,10,.500,9,9,1.000,0,2,2,8,3,0,2,3,34,28.6,+24,Damian Lillard
2014-04-04,23-263,POR,HOME,PHO,L (-16),1,37:50,5,13,.385,2,6,.333,3,6,.500,0,2,2,7,1,0,2,4,15,9.6,0,Damian Lillard
2014-04-06,23-265,POR,HOME,NOP,W (+6),1,38:38,9,19,.474,0,2,.000,2,3,.667,0,6,6,5,3,0,1,1,20,16.8,+14,Damian Lillard
2014-04-09,23-268,POR,HOME,SAC,W (+1),1,37:06,6,11,.545,3,7,.429,4,5,.800,1,4,5,10,0,0,5,3,19,16.0,-17,Damian Lillard
2014-04-11,23-270,POR,AWAY,UTA,W (+12),1,37:10,4,10,.400,4,6,.667,4,4,1.000,0,1,1,6,1,0,1,1,16,14.7,+14,Damian Lillard
2014-04-13,23-272,POR,HOME,GSW,W (+2),1,43:35,3,13,.231,2,6,.333,5,6,.833,1,2,3,5,1,1,3,4,13,6.6,-9,Damian Lillard
2014-04-16,23-275,POR,HOME,LAC,W (+6),1,12:00,3,5,.600,3,4,.750,0,0,,0,0,0,2,1,0,0,1,9,8.7,+8,Damian Lillard
2013-10-30,25-212,POR,AWAY,PHO,L (-13),1,33:34,1,4,.250,0,0,,1,4,.250,1,1,2,2,2,2,1,3,3,3.0,-2,Robin Lopez
2013-11-01,25-214,POR,AWAY,DEN,W (+15),1,21:41,1,5,.200,0,0,,0,0,,3,2,5,0,0,2,0,5,2,1.0,+5,Robin Lopez
2013-11-02,25-215,POR,HOME,SAS,W (+10),1,39:45,6,10,.600,0,0,,0,0,,3,3,6,1,0,2,0,1,12,12.1,+13,Robin Lopez
2013-11-05,25-218,POR,HOME,HOU,L (-15),1,17:35,0,3,.000,0,0,,0,0,,4,2,6,2,1,3,1,5,0,2.8,+1,Robin Lopez
2013-11-08,25-221,POR,HOME,SAC,W (+13),1,31:25,4,8,.500,0,0,,3,4,.750,3,1,4,1,0,1,1,4,11,7.8,+3,Robin Lopez
2013-11-09,25-222,POR,AWAY,SAC,W (+11),1,32:38,4,10,.400,0,0,,4,6,.667,6,4,10,1,1,0,2,2,12,10.1,+9,Robin Lopez
2013-11-11,25-224,POR,HOME,DET,W (+6),1,32:58,7,10,.700,0,0,,3,3,1.000,4,6,10,1,1,0,2,1,17,16.7,+1,Robin Lopez
2013-11-13,25-226,POR,HOME,PHO,W (+1),1,28:13,5,11,.455,0,0,,3,4,.750,5,10,15,0,0,1,2,0,13,12.1,-2,Robin Lopez
2013-11-15,25-228,POR,AWAY,BOS,W (+13),1,35:56,1,3,.333,0,0,,1,2,.500,1,9,10,0,0,1,1,2,3,3.2,+13,Robin Lopez
2013-11-17,25-230,POR,AWAY,TOR,W (+8),1,23:46,1,2,.500,0,0,,4,4,1.000,2,3,5,0,0,2,1,6,6,5.3,-7,Robin Lopez
2013-11-18,25-231,POR,AWAY,BRK,W (+10),1,24:34,3,4,.750,0,0,,0,0,,2,5,7,2,0,1,1,3,6,7.2,+8,Robin Lopez
2013-11-20,25-233,POR,AWAY,MIL,W (+9),1,30:43,3,7,.429,0,0,,2,2,1.000,5,3,8,1,1,1,1,2,8,9.3,+9,Robin Lopez
2013-11-22,25-235,POR,HOME,CHI,W (+3),1,35:51,6,10,.600,0,0,,1,2,.500,8,8,16,0,0,1,2,1,13,14.3,+12,Robin Lopez
2013-11-23,25-236,POR,AWAY,GSW,W (+12),1,34:34,4,7,.571,0,0,,0,0,,4,6,10,0,1,5,1,2,8,12.0,+9,Robin Lopez
2013-11-25,25-238,POR,HOME,NYK,W (+11),1,34:59,3,6,.500,0,0,,3,4,.750,4,3,7,0,0,1,0,1,9,9.6,+3,Robin Lopez
2013-11-27,25-240,POR,AWAY,PHO,L (-14),1,22:36,4,9,.444,0,0,,2,2,1.000,8,2,10,2,0,0,4,3,10,7.7,-17,Robin Lopez
2013-12-01,25-244,POR,AWAY,LAL,W (+6),1,28:34,4,9,.444,0,0,,4,4,1.000,6,6,12,0,1,0,1,5,12,11.3,+6,Robin Lopez
2013-12-02,25-245,POR,HOME,IND,W (+4),1,31:55,2,6,.333,0,0,,4,4,1.000,1,6,7,2,0,1,1,4,8,6.6,-8,Robin Lopez
2013-12-04,25-247,POR,HOME,OKC,W (+7),1,33:07,6,11,.545,0,0,,0,0,,6,4,10,0,0,4,0,2,12,14.1,+11,Robin Lopez
2013-12-06,25-249,POR,HOME,UTA,W (+32),1,22:39,3,6,.500,0,0,,2,2,1.000,2,3,5,1,0,1,0,1,8,8.3,+31,Robin Lopez
2013-12-07,25-250,POR,HOME,DAL,L (-2),1,33:56,6,9,.667,0,0,,2,2,1.000,8,6,14,1,0,2,1,2,14,17.8,-1,Robin Lopez
2013-12-09,25-252,POR,AWAY,UTA,W (+11),1,34:07,6,9,.667,0,0,,3,3,1.000,3,8,11,0,0,1,2,0,15,14.3,+15,Robin Lopez
2013-12-12,25-255,POR,HOME,HOU,W (+7),1,36:28,7,9,.778,0,0,,2,3,.667,4,6,10,1,0,2,1,5,16,15.8,+5,Robin Lopez
2013-12-14,25-257,POR,AWAY,PHI,W (+34),1,27:51,5,8,.625,0,0,,2,4,.500,1,2,3,1,1,4,0,2,12,12.6,+30,Robin Lopez
2013-12-15,25-258,POR,AWAY,DET,W (+2),1,38:38,5,8,.625,0,0,,2,2,1.000,6,7,13,3,1,0,0,4,12,16.2,-12,Robin Lopez
2013-12-17,25-260,POR,AWAY,CLE,W (+3),1,20:05,4,4,1.000,0,0,,0,0,,4,2,6,0,1,0,3,5,8,6.2,-9,Robin Lopez
2013-12-18,25-261,POR,AWAY,MIN,L (-11),1,25:11,0,0,,0,0,,2,2,1.000,1,4,5,0,0,1,0,1,2,4.2,+12,Robin Lopez
2013-12-21,25-264,POR,HOME,NOP,W (+3),1,30:44,6,11,.545,0,0,,2,2,1.000,6,1,7,2,0,1,2,1,14,12.9,+3,Robin Lopez
2013-12-26,25-269,POR,HOME,LAC,W (+4),1,39:57,4,8,.500,0,0,,3,4,.750,7,8,15,1,1,1,2,0,11,14.3,+4,Robin Lopez
2013-12-28,25-271,POR,HOME,MIA,L (-1),1,32:44,7,10,.700,0,0,,3,4,.750,1,4,5,0,0,1,3,3,17,10.8,0,Robin Lopez
2013-12-30,25-273,POR,AWAY,NOP,L (-2),1,23:54,1,3,.333,0,0,,5,6,.833,3,3,6,1,0,6,1,3,7,10.6,-3,Robin Lopez
2013-12-31,25-274,POR,AWAY,OKC,W (+4),1,39:07,5,8,.625,0,0,,2,2,1.000,2,3,5,0,0,0,0,2,12,9.9,+11,Robin Lopez
2014-01-02,25-276,POR,HOME,CHA,W (+30),1,25:50,7,10,.700,0,0,,0,1,.000,3,2,5,0,2,1,3,1,14,11.4,+25,Robin Lopez
2014-01-04,25-278,POR,HOME,PHI,L (-2),1,34:07,4,8,.500,0,0,,6,10,.600,9,6,15,0,1,0,1,3,14,15.3,-11,Robin Lopez
2014-01-07,25-281,POR,AWAY,SAC,L (-4),1,35:41,7,13,.538,0,0,,4,6,.667,4,3,7,1,0,2,0,5,18,14.7,-8,Robin Lopez
2014-01-08,25-282,POR,HOME,ORL,W (+16),1,25:01,2,3,.667,0,0,,3,4,.750,4,3,7,0,0,2,0,1,7,10.0,+1,Robin Lopez
2014-01-11,25-285,POR,HOME,BOS,W (+8),1,34:04,5,13,.385,0,0,,5,5,1.000,9,4,13,1,0,1,1,1,15,15.4,+6,Robin Lopez
2014-01-15,25-289,POR,HOME,CLE,W (+12),1,33:06,4,5,.800,0,0,,0,0,,2,2,4,0,0,1,2,0,8,6.8,+9,Robin Lopez
2014-01-17,25-291,POR,AWAY,SAS,W (+9),1,34:12,4,6,.667,0,0,,0,0,,1,2,3,0,0,1,3,5,8,2.4,+17,Robin Lopez
2014-01-18,25-292,POR,AWAY,DAL,W (+16),1,26:01,7,13,.538,0,0,,2,2,1.000,4,8,12,2,0,3,0,2,16,17.6,+25,Robin Lopez
2014-01-20,25-294,POR,AWAY,HOU,L (-13),1,27:31,5,8,.625,0,0,,3,3,1.000,3,0,3,0,1,1,1,2,13,11.4,-10,Robin Lopez
2014-01-21,25-295,POR,AWAY,OKC,L (-8),1,33:25,5,10,.500,0,0,,0,0,,3,7,10,2,0,1,0,1,10,10.9,+2,Robin Lopez
2014-01-23,25-297,POR,HOME,DEN,W (+5),1,39:07,5,14,.357,0,0,,2,2,1.000,8,1,9,2,0,2,0,3,12,11.7,+10,Robin Lopez
2014-01-25,25-299,POR,HOME,MIN,W (+11),1,34:05,6,10,.600,0,0,,3,3,1.000,3,7,10,3,0,1,1,1,15,16.0,-5,Robin Lopez
2014-01-26,25-300,POR,AWAY,GSW,L (-15),1,23:34,4,7,.571,0,0,,2,2,1.000,2,7,9,0,0,2,1,0,10,10.6,-13,Robin Lopez
2014-01-28,25-302,POR,HOME,MEM,L (-17),1,34:56,4,10,.400,0,0,,6,8,.750,2,3,5,0,0,0,0,0,14,10.1,-13,Robin Lopez
2014-02-01,25-306,POR,HOME,TOR,W (+3),1,28:40,4,8,.500,0,0,,0,0,,3,4,7,1,0,2,1,4,8,6.8,0,Robin Lopez
2014-02-03,25-308,POR,AWAY,WAS,L (-10),1,34:43,6,8,.750,0,0,,0,0,,3,6,9,0,1,4,0,4,12,14.9,0,Robin Lopez
2014-02-05,25-310,POR,AWAY,NYK,W (+4),1,33:49,1,5,.200,0,0,,7,8,.875,5,2,7,0,1,3,3,4,9,8.1,+1,Robin Lopez
2014-02-07,25-312,POR,AWAY,IND,L (-5),1,40:13,8,15,.533,0,1,.000,1,2,.500,5,9,14,1,0,0,1,1,17,14.8,-5,Robin Lopez
2014-02-08,25-313,POR,AWAY,MIN,W (+7),1,30:07,1,6,.167,0,0,,5,7,.714,3,8,11,1,0,4,0,4,7,8.8,-7,Robin Lopez
2014-02-11,25-316,POR,HOME,OKC,L (-3),1,35:03,7,9,.778,0,0,,3,4,.750,6,8,14,0,0,2,1,2,17,19.3,+5,Robin Lopez
2014-02-12,25-317,POR,AWAY,LAC,L (-5),1,34:11,3,6,.500,0,0,,6,6,1.000,4,2,6,1,0,0,0,2,12,12.3,-14,Robin Lopez
2014-02-19,25-324,POR,HOME,SAS,L (-2),1,34:21,4,11,.364,0,0,,3,4,.750,6,8,14,1,0,2,2,2,11,10.4,-8,Robin Lopez
2014-02-21,25-326,POR,HOME,UTA,W (+8),1,36:46,5,8,.625,0,0,,2,2,1.000,6,12,18,1,1,4,0,5,12,18.7,+20,Robin Lopez
2014-02-23,25-328,POR,HOME,MIN,W (+11),1,27:55,3,5,.600,0,0,,0,0,,3,2,5,0,1,1,1,2,6,6.3,+8,Robin Lopez
2014-02-25,25-330,POR,AWAY,DEN,W (+5),1,38:26,4,10,.400,0,0,,4,5,.800,4,6,10,1,1,7,1,6,12,14.0,+7,Robin Lopez
2014-02-26,25-331,POR,HOME,BRK,W (+44),1,26:18,4,6,.667,0,0,,3,4,.750,3,5,8,1,0,2,1,0,11,12.7,+14,Robin Lopez
2014-03-01,25-334,POR,HOME,DEN,W (+6),1,31:36,5,9,.556,0,0,,8,8,1.000,3,6,9,2,0,1,1,5,18,16.7,+10,Robin Lopez
2014-03-03,25-336,POR,HOME,LAL,L (-1),1,33:31,9,13,.692,0,0,,1,1,1.000,9,7,16,2,0,3,2,0,19,23.4,+2,Robin Lopez
2014-03-05,25-338,POR,HOME,ATL,W (+24),1,23:34,4,5,.800,0,0,,4,4,1.000,2,3,5,0,1,0,2,2,12,10.6,+13,Robin Lopez
2014-03-07,25-340,POR,AWAY,DAL,L (-5),1,30:23,0,2,.000,0,0,,2,2,1.000,2,3,5,2,0,2,2,2,2,2.9,+5,Robin Lopez
2014-03-09,25-342,POR,AWAY,HOU,L (-5),1,37:53,4,7,.571,0,0,,3,4,.750,4,7,11,0,0,5,1,5,11,12.7,+6,Robin Lopez
2014-03-11,25-344,POR,AWAY,MEM,L (-10),1,27:04,2,2,1.000,0,0,,2,4,.500,4,2,6,1,0,0,0,3,6,7.5,-9,Robin Lopez
2014-03-12,25-345,POR,AWAY,SAS,L (-13),1,33:37,1,6,.167,0,0,,2,2,1.000,3,3,6,0,0,2,0,3,4,3.4,-7,Robin Lopez
2014-03-14,25-347,POR,AWAY,NOP,W (+8),1,33:37,9,13,.692,0,0,,1,1,1.000,2,2,4,0,0,3,3,3,19,13.4,+11,Robin Lopez
2014-03-16,25-349,POR,HOME,GSW,L (-1),1,37:56,5,12,.417,0,0,,4,5,.800,5,5,10,4,0,1,0,3,14,14.5,+5,Robin Lopez
2014-03-18,25-351,POR,HOME,MIL,W (+5),1,37:21,7,12,.583,0,0,,1,1,1.000,7,7,14,2,0,3,1,3,15,17.7,0,Robin Lopez
2014-03-20,25-353,POR,HOME,WAS,W (+13),1,29:43,4,5,.800,0,0,,0,0,,2,1,3,0,0,1,0,0,8,8.5,+7,Robin Lopez
2014-03-22,25-355,POR,AWAY,CHA,L (-30),1,25:40,3,5,.600,0,0,,2,2,1.000,3,2,5,0,0,0,1,2,8,6.6,-6,Robin Lopez
2014-03-24,25-357,POR,AWAY,MIA,L (-2),1,33:06,3,6,.500,0,0,,4,4,1.000,3,5,8,2,0,1,2,3,10,9.5,-6,Robin Lopez
2014-03-25,25-358,POR,AWAY,ORL,L (-10),1,39:41,9,13,.692,0,0,,2,3,.667,9,4,13,1,0,2,0,3,20,22.5,-16,Robin Lopez
2014-03-27,25-360,POR,AWAY,ATL,W (+15),1,34:42,4,7,.571,0,0,,3,3,1.000,3,4,7,0,0,2,0,1,11,12.0,+3,Robin Lopez
2014-03-28,25-361,POR,AWAY,CHI,W (+17),1,32:36,6,9,.667,0,0,,1,2,.500,4,5,9,1,2,5,1,0,13,18.2,+26,Robin Lopez
2014-03-30,25-363,POR,HOME,MEM,W (+7),1,35:38,3,6,.500,0,0,,3,3,1.000,5,5,10,1,0,3,1,0,9,12.8,+1,Robin Lopez
2014-04-01,26-000,POR,AWAY,LAL,W (+12),1,34:03,4,5,.800,0,0,,2,2,1.000,3,7,10,1,0,2,0,2,10,13.6,+21,Robin Lopez
2014-04-04,26-003,POR,HOME,PHO,L (-16),1,35:43,6,9,.667,0,0,,6,8,.750,4,9,13,1,1,4,0,3,18,22.1,0,Robin Lopez
2014-04-06,26-005,POR,HOME,NOP,W (+6),1,22:53,2,2,1.000,0,0,,0,0,,1,1,2,2,0,0,3,5,4,0.8,+17,Robin Lopez
2014-04-09,26-008,POR,HOME,SAC,W (+1),1,36:48,4,7,.571,0,0,,5,6,.833,2,7,9,0,0,1,0,1,13,13.1,-8,Robin Lopez
2014-04-11,26-010,POR,AWAY,UTA,W (+12),1,35:16,5,13,.385,0,0,,2,2,1.000,4,4,8,2,0,1,2,2,12,8.2,+16,Robin Lopez
2014-04-13,26-012,POR,HOME,GSW,W (+2),1,45:16,6,11,.545,0,0,,4,4,1.000,3,5,8,3,0,0,1,2,16,14.6,+2,Robin Lopez
2014-04-16,26-015,POR,HOME,LAC,W (+6),1,14:08,7,10,.700,0,0,,1,2,.500,7,2,9,1,0,0,0,1,15,16.2,+10,Robin Lopez
2013-10-30,27-016,POR,AWAY,PHO,L (-13),1,33:09,3,9,.333,1,4,.250,2,2,1.000,2,5,7,4,0,0,1,1,9,8.2,-10,Wesley Matthews
2013-11-01,27-018,POR,AWAY,DEN,W (+15),1,35:41,7,13,.538,4,4,1.000,3,3,1.000,1,11,12,3,1,0,1,2,21,20.0,+19,Wesley Matthews
2013-11-02,27-019,POR,HOME,SAS,W (+10),1,33:29,8,13,.615,3,6,.500,1,2,.500,0,3,3,2,1,1,1,1,20,16.3,+4,Wesley Matthews
2013-11-05,27-022,POR,HOME,HOU,L (-15),1,36:19,6,12,.500,3,8,.375,4,7,.571,1,2,3,0,1,0,0,5,19,12.1,-12,Wesley Matthews
2013-11-08,27-025,POR,HOME,SAC,W (+13),1,33:27,7,11,.636,2,3,.667,2,2,1.000,0,7,7,3,2,0,5,3,18,13.1,+8,Wesley Matthews
2013-11-09,27-026,POR,AWAY,SAC,W (+11),1,34:37,8,11,.727,3,5,.600,2,2,1.000,2,3,5,1,1,1,2,0,21,19.2,+15,Wesley Matthews
2013-11-11,27-028,POR,HOME,DET,W (+6),1,29:37,1,3,.333,1,3,.333,0,0,,1,0,1,1,2,0,0,0,3,4.7,+3,Wesley Matthews
2013-11-13,27-030,POR,HOME,PHO,W (+1),1,36:41,4,9,.444,2,4,.500,1,2,.500,0,2,2,0,0,0,0,2,11,5.7,+6,Wesley Matthews
2013-11-15,27-032,POR,AWAY,BOS,W (+13),1,31:54,3,6,.500,2,5,.400,5,5,1.000,0,5,5,2,1,0,2,4,13,10.3,+20,Wesley Matthews
2013-11-17,27-034,POR,AWAY,TOR,W (+8),1,39:22,6,12,.500,4,7,.571,1,2,.500,2,4,6,1,0,1,0,1,17,14.2,+6,Wesley Matthews
2013-11-18,27-035,POR,AWAY,BRK,W (+10),1,36:53,9,13,.692,5,8,.625,1,2,.500,1,5,6,1,1,0,0,3,24,20.8,+4,Wesley Matthews
2013-11-20,27-037,POR,AWAY,MIL,W (+9),1,32:22,6,15,.400,3,9,.333,0,0,,1,2,3,3,1,0,2,2,15,8.5,+8,Wesley Matthews
2013-11-22,27-039,POR,HOME,CHI,W (+3),1,36:36,12,19,.632,4,8,.500,0,0,,0,2,2,1,2,0,2,1,28,20.4,+15,Wesley Matthews
2013-11-23,27-040,POR,AWAY,GSW,W (+12),1,25:39,8,9,.889,5,6,.833,2,4,.500,0,3,3,2,1,0,2,2,23,19.6,-7,Wesley Matthews
2013-11-25,27-042,POR,HOME,NYK,W (+11),1,37:31,6,14,.429,3,9,.333,2,2,1.000,0,6,6,0,0,0,1,4,17,8.8,+13,Wesley Matthews
2013-11-27,27-044,POR,AWAY,PHO,L (-14),1,28:33,3,6,.500,2,4,.500,0,0,,0,5,5,3,0,0,0,1,8,8.2,-14,Wesley Matthews
2013-12-01,27-048,POR,AWAY,LAL,W (+6),1,36:22,4,8,.500,3,5,.600,6,7,.857,0,2,2,3,3,0,3,3,17,14.1,+11,Wesley Matthews
2013-12-02,27-049,POR,HOME,IND,W (+4),1,35:39,5,11,.455,1,2,.500,4,5,.800,1,0,1,3,2,0,2,0,15,11.7,-7,Wesley Matthews
2013-12-04,27-051,POR,HOME,OKC,W (+7),1,32:13,4,12,.333,1,4,.250,4,4,1.000,3,2,5,1,1,0,2,3,13,7.4,+13,Wesley Matthews
2013-12-06,27-053,POR,HOME,UTA,W (+32),1,28:03,8,11,.727,4,6,.667,4,5,.800,0,0,0,1,0,0,1,2,24,18.0,+36,Wesley Matthews
2013-12-07,27-054,POR,HOME,DAL,L (-2),1,34:48,2,10,.200,0,4,.000,0,0,,1,6,7,4,1,0,1,1,4,2.7,0,Wesley Matthews
2013-12-09,27-056,POR,AWAY,UTA,W (+11),1,34:01,6,11,.545,1,4,.250,3,4,.750,0,3,3,3,0,0,1,2,16,11.5,+10,Wesley Matthews
2013-12-12,27-059,POR,HOME,HOU,W (+7),1,35:08,6,16,.375,2,8,.250,4,5,.800,0,2,2,2,1,0,3,3,18,7.6,+3,Wesley Matthews
2013-12-14,27-061,POR,AWAY,PHI,W (+34),1,25:51,5,14,.357,4,10,.400,0,0,,1,3,4,3,2,1,0,1,14,12.2,+22,Wesley Matthews
2013-12-15,27-062,POR,AWAY,DET,W (+2),1,40:14,5,13,.385,1,5,.200,3,4,.750,1,4,5,2,1,0,0,2,14,10.0,+5,Wesley Matthews
2013-12-17,27-064,POR,AWAY,CLE,W (+3),1,34:35,6,10,.600,3,6,.500,4,4,1.000,1,1,2,3,0,0,0,1,19,17.1,+3,Wesley Matthews
2013-12-18,27-065,POR,AWAY,MIN,L (-11),1,39:25,4,13,.308,2,9,.222,6,6,1.000,1,4,5,1,0,0,2,3,16,7.9,+8,Wesley Matthews
2013-12-21,27-068,POR,HOME,NOP,W (+3),1,33:43,7,16,.438,2,6,.333,2,2,1.000,2,4,6,0,2,1,0,1,18,14.5,+4,Wesley Matthews
2013-12-26,27-073,POR,HOME,LAC,W (+4),1,38:20,5,12,.417,4,10,.400,5,6,.833,0,7,7,6,0,0,3,1,19,15.1,-9,Wesley Matthews
2013-12-28,27-075,POR,HOME,MIA,L (-1),1,33:36,9,14,.643,5,8,.625,0,0,,1,2,3,1,2,0,1,0,23,19.8,-13,Wesley Matthews
2013-12-30,27-077,POR,AWAY,NOP,L (-2),1,38:28,6,13,.462,3,8,.375,3,4,.750,0,5,5,3,2,1,1,1,18,15.8,+1,Wesley Matthews
2013-12-31,27-078,POR,AWAY,OKC,W (+4),1,38:06,5,16,.313,2,9,.222,4,4,1.000,1,6,7,7,1,0,0,4,16,13.6,+5,Wesley Matthews
2014-01-02,27-080,POR,HOME,CHA,W (+30),1,26:56,8,11,.727,5,6,.833,4,5,.800,1,0,1,2,0,0,2,2,25,19.4,+15,Wesley Matthews
2014-01-04,27-082,POR,HOME,PHI,L (-2),1,35:35,4,12,.333,0,5,.000,5,7,.714,2,1,3,4,2,0,1,2,13,10.1,-6,Wesley Matthews
2014-01-07,27-085,POR,AWAY,SAC,L (-4),1,36:32,3,12,.250,1,7,.143,2,2,1.000,0,6,6,3,2,1,0,5,9,6.4,0,Wesley Matthews
2014-01-08,27-086,POR,HOME,ORL,W (+16),1,30:07,6,17,.353,3,9,.333,2,2,1.000,2,3,5,4,0,0,1,4,17,10.0,+12,Wesley Matthews
2014-01-11,27-089,POR,HOME,BOS,W (+8),1,34:23,5,12,.417,2,4,.500,6,6,1.000,1,4,5,3,0,0,1,1,18,14.2,+8,Wesley Matthews
2014-01-15,27-093,POR,HOME,CLE,W (+12),1,31:42,5,12,.417,3,7,.429,2,2,1.000,0,1,1,4,1,0,2,1,15,10.3,+4,Wesley Matthews
2014-01-17,27-095,POR,AWAY,SAS,W (+9),1,33:33,9,14,.643,6,7,.857,0,0,,1,5,6,0,1,0,3,3,24,16.8,+1,Wesley Matthews
2014-01-18,27-096,POR,AWAY,DAL,W (+16),1,27:37,3,10,.300,2,7,.286,2,2,1.000,0,2,2,3,1,0,2,2,10,5.1,+20,Wesley Matthews
2014-01-20,27-098,POR,AWAY,HOU,L (-13),1,33:54,8,17,.471,2,9,.222,0,0,,0,1,1,1,2,0,1,3,18,10.1,-7,Wesley Matthews
2014-01-21,27-099,POR,AWAY,OKC,L (-8),1,35:10,7,15,.467,4,8,.500,3,4,.750,1,3,4,4,1,0,1,0,21,17.3,-7,Wesley Matthews
2014-01-23,27-101,POR,HOME,DEN,W (+5),1,39:26,8,15,.533,2,6,.333,6,6,1.000,0,1,1,4,1,0,1,3,24,18.6,+11,Wesley Matthews
2014-01-25,27-103,POR,HOME,MIN,W (+11),1,34:01,6,10,.600,1,5,.200,5,8,.625,1,5,6,2,1,1,2,3,18,14.3,+5,Wesley Matthews
2014-01-26,27-104,POR,AWAY,GSW,L (-15),1,36:16,5,14,.357,2,6,.333,9,11,.818,0,5,5,2,0,0,2,4,21,11.7,-9,Wesley Matthews
2014-01-28,27-106,POR,HOME,MEM,L (-17),1,34:58,2,9,.222,2,6,.333,2,2,1.000,0,3,3,5,0,0,1,1,8,5.5,-14,Wesley Matthews
2014-02-01,27-110,POR,HOME,TOR,W (+3),1,33:35,7,11,.636,5,7,.714,2,2,1.000,0,0,0,3,1,0,2,5,21,15.2,+1,Wesley Matthews
2014-02-03,27-112,POR,AWAY,WAS,L (-10),1,36:38,4,10,.400,1,6,.167,0,0,,0,4,4,3,0,0,3,2,9,3.1,-14,Wesley Matthews
2014-02-05,27-114,POR,AWAY,NYK,W (+4),1,35:51,6,15,.400,3,6,.500,3,4,.750,0,7,7,1,0,0,0,1,18,11.9,+14,Wesley Matthews
2014-02-07,27-116,POR,AWAY,IND,L (-5),1,39:14,7,22,.318,2,8,.250,3,3,1.000,0,2,2,1,1,0,0,1,19,8.3,-11,Wesley Matthews
2014-02-08,27-117,POR,AWAY,MIN,W (+7),1,32:59,6,14,.429,3,5,.600,6,7,.857,0,1,1,6,0,0,0,5,21,15.7,+2,Wesley Matthews
2014-02-11,27-120,POR,HOME,OKC,L (-3),1,32:26,2,10,.200,0,4,.000,7,8,.875,0,3,3,2,2,0,4,1,11,4.3,-6,Wesley Matthews
2014-02-12,27-121,POR,AWAY,LAC,L (-5),1,34:39,5,16,.313,3,9,.333,2,5,.400,0,6,6,1,0,0,1,4,15,4.5,-9,Wesley Matthews
2014-02-19,27-128,POR,HOME,SAS,L (-2),1,36:58,6,18,.333,2,5,.400,4,7,.571,1,4,5,3,3,0,1,0,18,12.6,+12,Wesley Matthews
2014-02-21,27-130,POR,HOME,UTA,W (+8),1,32:52,9,17,.529,1,3,.333,5,5,1.000,2,1,3,1,0,1,2,0,24,16.8,+3,Wesley Matthews
2014-02-23,27-132,POR,HOME,MIN,W (+11),1,33:22,4,14,.286,3,6,.500,6,6,1.000,0,0,0,2,1,0,3,2,17,7.4,+6,Wesley Matthews
2014-02-25,27-134,POR,AWAY,DEN,W (+5),1,33:07,2,13,.154,1,7,.143,6,6,1.000,0,1,1,2,2,0,0,3,11,5.2,+3,Wesley Matthews
2014-02-26,27-135,POR,HOME,BRK,W (+44),1,27:40,3,7,.429,1,2,.500,1,1,1.000,1,3,4,3,1,2,2,0,8,8.4,+15,Wesley Matthews
2014-03-01,27-138,POR,HOME,DEN,W (+6),1,31:36,3,8,.375,0,3,.000,2,2,1.000,2,2,4,2,1,1,0,3,8,7.5,+10,Wesley Matthews
2014-03-03,27-140,POR,HOME,LAL,L (-1),1,34:45,3,12,.250,1,6,.167,0,0,,2,3,5,4,2,0,1,3,7,4.7,+1,Wesley Matthews
2014-03-05,27-142,POR,HOME,ATL,W (+24),1,28:37,3,8,.375,2,4,.500,2,2,1.000,1,0,1,1,1,0,0,2,10,7.2,+24,Wesley Matthews
2014-03-07,27-144,POR,AWAY,DAL,L (-5),1,34:26,11,19,.579,4,8,.500,0,1,.000,1,5,6,0,1,0,2,3,26,16.7,+7,Wesley Matthews
2014-03-09,27-146,POR,AWAY,HOU,L (-5),1,41:09,5,15,.333,4,11,.364,12,13,.923,2,2,4,2,3,1,0,5,26,22.2,-7,Wesley Matthews
2014-03-11,27-148,POR,AWAY,MEM,L (-10),1,34:34,1,7,.143,0,2,.000,3,4,.750,1,1,2,3,2,0,0,1,5,4.8,-6,Wesley Matthews
2014-03-12,27-149,POR,AWAY,SAS,L (-13),1,35:56,5,11,.455,1,5,.200,2,6,.333,1,3,4,4,0,0,2,2,13,7.3,-7,Wesley Matthews
2014-03-14,27-151,POR,AWAY,NOP,W (+8),1,37:02,6,13,.462,3,8,.375,5,6,.833,0,2,2,2,0,0,1,2,20,13.1,+6,Wesley Matthews
2014-03-16,27-153,POR,HOME,GSW,L (-1),1,35:11,3,12,.250,1,5,.200,6,6,1.000,0,4,4,3,0,0,2,3,13,5.9,-7,Wesley Matthews
2014-03-18,27-155,POR,HOME,MIL,W (+5),1,41:16,8,15,.533,5,7,.714,5,5,1.000,1,1,2,2,2,0,3,4,26,18.5,+1,Wesley Matthews
2014-03-20,27-157,POR,HOME,WAS,W (+13),1,33:20,8,16,.500,4,9,.444,8,8,1.000,1,0,1,5,1,0,1,4,28,22.6,+9,Wesley Matthews
2014-03-22,27-159,POR,AWAY,CHA,L (-30),1,27:14,6,12,.500,1,5,.200,2,2,1.000,0,0,0,0,1,0,1,2,15,8.2,-8,Wesley Matthews
2014-03-24,27-161,POR,AWAY,MIA,L (-2),1,36:10,6,15,.400,3,11,.273,0,0,,0,2,2,0,0,0,2,2,15,4.7,+1,Wesley Matthews
2014-03-25,27-162,POR,AWAY,ORL,L (-10),1,35:01,5,13,.385,4,8,.500,4,4,1.000,0,1,1,3,0,0,1,2,18,11.5,-4,Wesley Matthews
2014-03-27,27-164,POR,AWAY,ATL,W (+15),1,31:45,4,10,.400,3,6,.500,0,0,,1,2,3,2,1,0,4,2,11,4.5,+13,Wesley Matthews
2014-03-28,27-165,POR,AWAY,CHI,W (+17),1,30:50,4,12,.333,1,5,.200,2,2,1.000,0,2,2,2,0,0,0,1,11,5.8,+11,Wesley Matthews
2014-03-30,27-167,POR,HOME,MEM,W (+7),1,32:27,4,9,.444,2,4,.500,5,5,1.000,0,3,3,5,1,0,2,2,15,12.9,-5,Wesley Matthews
2014-04-01,27-169,POR,AWAY,LAL,W (+12),1,32:32,4,12,.333,2,7,.286,0,0,,0,4,4,6,0,1,1,1,10,7.9,+17,Wesley Matthews
2014-04-04,27-172,POR,HOME,PHO,L (-16),1,34:07,3,9,.333,1,4,.250,2,4,.500,0,1,1,1,3,0,2,2,9,4.3,+2,Wesley Matthews
2014-04-06,27-174,POR,HOME,NOP,W (+6),1,31:01,7,13,.538,3,7,.429,4,4,1.000,0,5,5,1,0,0,2,4,21,13.3,+8,Wesley Matthews
2014-04-09,27-177,POR,HOME,SAC,W (+1),1,37:37,7,12,.583,2,7,.286,3,3,1.000,0,4,4,3,0,0,2,4,19,13.1,+12,Wesley Matthews
2014-04-11,27-179,POR,AWAY,UTA,W (+12),1,29:57,6,14,.429,3,7,.429,6,8,.750,1,0,1,1,1,0,0,1,21,14.8,+2,Wesley Matthews
2014-04-13,27-181,POR,HOME,GSW,W (+2),1,41:52,6,13,.462,4,10,.400,8,10,.800,0,3,3,3,1,0,4,2,24,15.7,-4,Wesley Matthews
2014-04-16,27-184,POR,HOME,LAC,W (+6),1,12:00,3,7,.429,2,5,.400,0,0,,0,0,0,3,0,0,0,1,8,6.0,+8,Wesley Matthews
2014-01-08,22-111,POR,HOME,ORL,W (+16),0,14:22,2,5,.400,0,2,.000,0,0,,0,2,2,0,1,0,1,0,4,1.9,+3,CJ McCollum
2014-01-11,22-114,POR,HOME,BOS,W (+8),0,13:30,4,6,.667,2,3,.667,0,0,,1,0,1,1,0,0,0,2,10,8.0,0,CJ McCollum
2014-01-15,22-118,POR,HOME,CLE,W (+12),0,12:08,1,3,.333,0,1,.000,0,0,,0,2,2,0,0,0,2,1,2,-1.5,+2,CJ McCollum
2014-01-17,22-120,POR,AWAY,SAS,W (+9),0,10:54,2,5,.400,0,1,.000,0,0,,0,1,1,1,0,0,0,2,4,1.5,-7,CJ McCollum
2014-01-18,22-121,POR,AWAY,DAL,W (+16),0,16:49,3,7,.429,1,2,.500,2,2,1.000,0,1,1,1,0,0,0,2,9,5.5,-10,CJ McCollum
2014-01-20,22-123,POR,AWAY,HOU,L (-13),0,14:40,3,7,.429,1,2,.500,0,0,,0,1,1,0,0,1,0,2,7,3.5,-2,CJ McCollum
2014-01-21,22-124,POR,AWAY,OKC,L (-8),0,12:36,2,3,.667,1,2,.500,0,0,,0,0,0,0,0,0,0,1,5,3.3,-6,CJ McCollum
2014-01-23,22-126,POR,HOME,DEN,W (+5),0,11:23,2,6,.333,2,4,.500,1,2,.500,1,0,1,0,0,0,0,2,7,3.1,+3,CJ McCollum
2014-01-25,22-128,POR,HOME,MIN,W (+11),0,15:34,3,6,.500,0,1,.000,0,0,,0,2,2,2,2,1,0,2,6,6.9,+19,CJ McCollum
2014-01-26,22-129,POR,AWAY,GSW,L (-15),0,20:54,2,7,.286,1,4,.250,1,2,.500,0,2,2,1,0,0,1,3,6,0.6,+1,CJ McCollum
2014-01-28,22-131,POR,HOME,MEM,L (-17),0,10:43,0,4,.000,0,2,.000,0,0,,0,0,0,0,0,0,1,3,0,-5.0,-13,CJ McCollum
2014-02-01,22-135,POR,HOME,TOR,W (+3),0,14:07,1,3,.333,0,1,.000,2,2,1.000,0,1,1,0,0,0,1,1,4,1.2,+2,CJ McCollum
2014-02-03,22-137,POR,AWAY,WAS,L (-10),0,10:31,0,2,.000,0,1,.000,0,0,,0,2,2,0,0,0,2,1,0,-3.2,-8,CJ McCollum
2014-02-07,22-141,POR,AWAY,IND,L (-5),0,12:03,4,4,1.000,1,1,1.000,0,0,,0,1,1,1,0,0,1,2,9,7.0,+13,CJ McCollum
2014-02-08,22-142,POR,AWAY,MIN,W (+7),0,28:07,6,12,.500,3,6,.500,4,6,.667,0,3,3,3,2,0,4,3,19,12.0,+9,CJ McCollum
2014-02-11,22-145,POR,HOME,OKC,L (-3),0,26:34,5,12,.417,3,6,.500,2,2,1.000,0,1,1,3,2,0,5,0,15,8.0,-3,CJ McCollum
2014-02-12,22-146,POR,AWAY,LAC,L (-5),0,14:15,4,7,.571,3,4,.750,0,1,.000,0,2,2,2,0,0,0,3,11,8.1,-3,CJ McCollum
2014-02-19,22-153,POR,HOME,SAS,L (-2),0,14:05,1,4,.250,0,2,.000,0,0,,0,1,1,0,0,0,1,3,2,-2.3,-7,CJ McCollum
2014-02-21,22-155,POR,HOME,UTA,W (+8),0,14:35,3,9,.333,1,3,.333,0,0,,1,1,2,1,1,0,0,1,7,4.2,-8,CJ McCollum
2014-02-23,22-157,POR,HOME,MIN,W (+11),0,4:15,0,1,.000,0,0,,0,0,,0,0,0,0,0,0,1,0,0,-1.7,-6,CJ McCollum
2014-02-25,22-159,POR,AWAY,DEN,W (+5),0,6:03,0,0,,0,0,,0,0,,1,0,1,0,1,0,1,1,0,0.3,-8,CJ McCollum
2014-02-26,22-160,POR,HOME,BRK,W (+44),0,12:19,4,8,.500,3,4,.750,0,0,,1,2,3,0,0,0,1,1,11,6.9,+22,CJ McCollum
2014-03-03,22-165,POR,HOME,LAL,L (-1),0,8:24,2,3,.667,1,2,.500,1,1,1.000,0,0,0,0,0,0,1,1,6,3.3,+1,CJ McCollum
2014-03-05,22-167,POR,HOME,ATL,W (+24),0,21:17,4,9,.444,1,5,.200,0,0,,0,3,3,3,0,0,1,2,9,5.5,+3,CJ McCollum
2014-03-07,22-169,POR,AWAY,DAL,L (-5),0,8:34,0,0,,0,0,,1,2,.500,0,0,0,1,0,0,1,3,1,-0.9,-3,CJ McCollum
2014-03-09,22-171,POR,AWAY,HOU,L (-5),0,14:46,3,8,.375,1,3,.333,0,0,,1,3,4,1,0,0,1,1,7,3.5,+9,CJ McCollum
2014-03-11,22-173,POR,AWAY,MEM,L (-10),0,20:10,0,2,.000,0,1,.000,0,0,,0,0,0,1,1,0,2,2,0,-2.5,-2,CJ McCollum
2014-03-12,22-174,POR,AWAY,SAS,L (-13),0,12:36,1,5,.200,0,3,.000,2,2,1.000,0,1,1,0,0,0,1,1,4,-0.2,-11,CJ McCollum
2014-03-14,22-176,POR,AWAY,NOP,W (+8),0,11:34,1,2,.500,0,1,.000,0,0,,0,2,2,0,2,0,0,0,2,3.6,+2,CJ McCollum
2014-03-18,22-180,POR,HOME,MIL,W (+5),0,7:09,0,2,.000,0,2,.000,0,0,,0,0,0,0,1,0,1,0,0,-1.4,+2,CJ McCollum
2014-03-20,22-182,POR,HOME,WAS,W (+13),0,7:31,2,4,.500,1,2,.500,1,2,.500,0,0,0,1,0,0,1,0,6,3.3,-2,CJ McCollum
2014-03-22,22-184,POR,AWAY,CHA,L (-30),0,17:53,3,9,.333,2,5,.400,4,6,.667,1,2,3,0,0,0,1,1,12,6.0,-19,CJ McCollum
2014-03-25,22-187,POR,AWAY,ORL,L (-10),0,1:07,0,0,,0,0,,0,0,,0,0,0,0,0,0,0,0,0,0.0,+2,CJ McCollum
2014-03-28,22-190,POR,AWAY,CHI,W (+17),0,1:59,0,0,,0,0,,0,0,,0,0,0,1,1,0,0,0,0,1.7,-3,CJ McCollum
2014-04-01,22-194,POR,AWAY,LAL,W (+12),0,2:09,0,2,.000,0,1,.000,0,0,,0,0,0,0,0,0,0,0,0,-1.4,-6,CJ McCollum
2014-04-04,22-197,POR,HOME,PHO,L (-16),0,1:05,0,1,.000,0,0,,0,0,,0,0,0,0,0,0,0,0,0,-0.7,-2,CJ McCollum
2014-04-11,22-204,POR,AWAY,UTA,W (+12),0,1:04,1,1,1.000,1,1,1.000,1,2,.500,0,1,1,0,0,0,0,1,4,3.2,0,CJ McCollum
2014-04-16,22-209,POR,HOME,LAC,W (+6),0,28:00,5,9,.556,1,2,.500,1,2,.500,0,4,4,3,0,0,3,5,12,5.6,+14,CJ McCollum
2013-10-30,22-227,POR,AWAY,PHO,L (-13),0,8:34,2,3,.667,0,0,,0,0,,0,2,2,0,0,0,0,0,4,3.3,+3,Thomas Robinson
2013-11-01,22-229,POR,AWAY,DEN,W (+15),0,12:24,1,6,.167,0,0,,0,0,,3,2,5,1,0,0,0,4,2,0.0,-9,Thomas Robinson
2013-11-02,22-230,POR,HOME,SAS,W (+10),0,9:33,2,3,.667,0,0,,0,0,,0,1,1,1,0,0,0,3,4,2.5,-4,Thomas Robinson
2013-11-05,22-233,POR,HOME,HOU,L (-15),0,8:08,1,2,.500,0,0,,2,4,.500,0,2,2,0,0,0,0,1,4,2.4,-5,Thomas Robinson
2013-11-08,22-236,POR,HOME,SAC,W (+13),0,12:04,4,5,.800,0,0,,2,2,1.000,1,3,4,0,0,0,2,3,10,6.5,+3,Thomas Robinson
2013-11-09,22-237,POR,AWAY,SAC,W (+11),0,12:33,1,3,.333,0,0,,3,4,.750,2,3,5,0,0,0,2,1,5,2.8,-1,Thomas Robinson
2013-11-11,22-239,POR,HOME,DET,W (+6),0,5:05,0,2,.000,0,0,,0,0,,0,0,0,0,1,0,1,1,0,-1.8,-5,Thomas Robinson
2013-11-13,22-241,POR,HOME,PHO,W (+1),0,16:36,6,9,.667,0,0,,3,9,.333,4,4,8,0,1,1,1,2,15,12.6,+7,Thomas Robinson
2013-11-15,22-243,POR,AWAY,BOS,W (+13),0,12:13,3,5,.600,0,0,,2,2,1.000,1,3,4,0,0,0,0,1,8,6.9,-4,Thomas Robinson
2013-11-17,22-245,POR,AWAY,TOR,W (+8),0,18:09,2,8,.250,0,0,,0,0,,2,1,3,0,0,1,3,1,4,-1.8,+1,Thomas Robinson
2013-11-18,22-246,POR,AWAY,BRK,W (+10),0,12:58,4,6,.667,0,0,,1,3,.333,1,6,7,0,0,0,1,1,9,6.7,+13,Thomas Robinson
2013-11-20,22-248,POR,AWAY,MIL,W (+9),0,12:49,1,4,.250,0,0,,2,4,.500,1,1,2,1,0,0,1,1,4,1.1,+3,Thomas Robinson
2013-11-22,22-250,POR,HOME,CHI,W (+3),0,5:08,0,2,.000,0,0,,0,0,,0,1,1,0,0,0,1,2,0,-2.9,-8,Thomas Robinson
2013-11-23,22-251,POR,AWAY,GSW,W (+12),0,7:47,0,0,,0,0,,0,0,,0,1,1,0,0,0,0,2,0,-0.5,-8,Thomas Robinson
2013-11-25,22-253,POR,HOME,NYK,W (+11),0,11:06,1,4,.250,0,0,,0,0,,0,2,2,1,0,0,0,1,2,0.5,+8,Thomas Robinson
2013-11-27,22-255,POR,AWAY,PHO,L (-14),0,14:26,5,8,.625,0,0,,0,0,,0,4,4,0,1,0,0,1,10,8.2,-4,Thomas Robinson
2013-12-01,22-259,POR,AWAY,LAL,W (+6),0,12:53,1,5,.200,0,0,,2,2,1.000,3,2,5,1,0,0,0,0,4,4.3,-9,Thomas Robinson
2013-12-02,22-260,POR,HOME,IND,W (+4),0,11:14,2,3,.667,0,0,,0,0,,0,5,5,1,0,0,0,3,4,3.7,+7,Thomas Robinson
2013-12-04,22-262,POR,HOME,OKC,W (+7),0,10:56,2,5,.400,0,0,,0,0,,2,3,5,0,0,0,1,2,4,1.8,-3,Thomas Robinson
2013-12-06,22-264,POR,HOME,UTA,W (+32),0,18:53,4,8,.500,0,0,,5,6,.833,3,3,6,1,2,0,1,3,13,12.1,-13,Thomas Robinson
2013-12-07,22-265,POR,HOME,DAL,L (-2),0,9:45,3,4,.750,0,0,,0,0,,0,3,3,0,0,0,1,2,6,3.5,0,Thomas Robinson
2013-12-09,22-267,POR,AWAY,UTA,W (+11),0,13:47,4,5,.800,0,0,,0,0,,4,2,6,0,0,2,1,2,8,9.1,-5,Thomas Robinson
2013-12-12,22-270,POR,HOME,HOU,W (+7),0,5:07,0,3,.000,0,0,,2,2,1.000,2,0,2,0,0,0,0,1,2,0.9,-6,Thomas Robinson
2013-12-14,22-272,POR,AWAY,PHI,W (+34),0,18:52,3,9,.333,0,0,,4,6,.667,2,3,5,2,2,0,0,2,10,9.0,+6,Thomas Robinson
2013-12-15,22-273,POR,AWAY,DET,W (+2),0,4:42,1,4,.250,0,0,,0,0,,0,1,1,1,0,0,1,1,2,-0.8,-8,Thomas Robinson
2013-12-17,22-275,POR,AWAY,CLE,W (+3),0,11:21,2,6,.333,0,0,,0,0,,2,4,6,0,0,0,0,1,4,2.8,-2,Thomas Robinson
2013-12-18,22-276,POR,AWAY,MIN,L (-11),0,4:15,1,2,.500,0,0,,0,0,,0,1,1,0,0,0,0,2,2,0.5,-14,Thomas Robinson
2014-01-02,22-291,POR,HOME,CHA,W (+30),0,8:47,2,3,.667,0,0,,1,1,1.000,1,4,5,0,0,0,0,1,5,5.2,+3,Thomas Robinson
2014-01-07,22-296,POR,AWAY,SAC,L (-4),0,3:37,0,0,,0,0,,0,0,,1,0,1,0,0,0,0,3,0,-0.5,-2,Thomas Robinson
2014-01-08,22-297,POR,HOME,ORL,W (+16),0,11:14,3,3,1.000,0,0,,0,0,,1,2,3,1,0,1,0,2,6,7.0,+22,Thomas Robinson
2014-01-11,22-300,POR,HOME,BOS,W (+8),0,10:26,1,3,.333,0,0,,0,0,,1,0,1,1,0,0,0,2,2,0.9,-4,Thomas Robinson
2014-01-15,22-304,POR,HOME,CLE,W (+12),0,12:46,2,3,.667,0,0,,0,2,.000,2,4,6,1,0,1,1,0,4,4.9,-5,Thomas Robinson
2014-01-17,22-306,POR,AWAY,SAS,W (+9),0,9:35,2,2,1.000,0,0,,0,0,,1,2,3,0,0,1,0,3,4,4.2,0,Thomas Robinson
2014-01-18,22-307,POR,AWAY,DAL,W (+16),0,16:30,4,5,.800,0,0,,0,0,,2,1,3,1,0,0,4,2,8,3.7,-24,Thomas Robinson
2014-01-20,22-309,POR,AWAY,HOU,L (-13),0,13:31,1,3,.333,0,0,,1,2,.500,0,2,2,0,0,0,1,1,3,0.1,-4,Thomas Robinson
2014-01-21,22-310,POR,AWAY,OKC,L (-8),0,10:52,0,1,.000,0,0,,0,0,,0,4,4,0,0,1,0,0,0,1.2,+3,Thomas Robinson
2014-01-23,22-312,POR,HOME,DEN,W (+5),0,9:45,1,2,.500,0,0,,2,2,1.000,1,4,5,1,2,0,0,1,4,7.2,+1,Thomas Robinson
2014-01-25,22-314,POR,HOME,MIN,W (+11),0,14:01,3,6,.500,0,0,,0,0,,3,3,6,1,1,1,0,2,6,7.6,+19,Thomas Robinson
2014-01-26,22-315,POR,AWAY,GSW,L (-15),0,14:54,2,6,.333,0,0,,1,2,.500,4,7,11,1,1,1,2,2,5,5.7,+3,Thomas Robinson
2014-01-28,22-317,POR,HOME,MEM,L (-17),0,6:59,0,0,,0,0,,0,0,,0,3,3,0,0,0,0,0,0,0.9,-9,Thomas Robinson
2014-02-01,22-321,POR,HOME,TOR,W (+3),0,11:36,0,1,.000,0,0,,0,2,.000,2,1,3,0,0,0,1,1,0,-1.2,+2,Thomas Robinson
2014-02-03,22-323,POR,AWAY,WAS,L (-10),0,5:53,0,1,.000,0,0,,0,0,,1,1,2,1,0,1,0,0,0,1.7,0,Thomas Robinson
2014-02-07,22-327,POR,AWAY,IND,L (-5),0,7:31,0,2,.000,0,0,,0,0,,1,0,1,0,0,0,0,3,0,-1.9,-4,Thomas Robinson
2014-02-08,22-328,POR,AWAY,MIN,W (+7),0,13:18,0,2,.000,0,0,,1,2,.500,0,5,5,0,1,0,1,2,1,-0.1,0,Thomas Robinson
2014-02-11,22-331,POR,HOME,OKC,L (-3),0,7:06,1,4,.250,0,0,,0,0,,3,2,5,0,1,0,0,0,2,3.3,-4,Thomas Robinson
2014-02-19,22-339,POR,HOME,SAS,L (-2),0,22:35,4,7,.571,0,1,.000,2,3,.667,2,7,9,0,0,0,2,4,10,6.2,+12,Thomas Robinson
2014-02-21,22-341,POR,HOME,UTA,W (+8),0,11:15,1,3,.333,0,0,,0,0,,0,3,3,0,0,1,2,3,2,-1.3,-12,Thomas Robinson
2014-02-23,22-343,POR,HOME,MIN,W (+11),0,33:26,6,13,.462,0,0,,2,2,1.000,7,11,18,2,0,2,0,3,14,17.1,+19,Thomas Robinson
2014-02-25,22-345,POR,AWAY,DEN,W (+5),0,14:14,1,5,.200,0,0,,0,0,,2,3,5,0,0,1,1,2,2,0.1,-3,Thomas Robinson
2014-02-26,22-346,POR,HOME,BRK,W (+44),Did Not Dress,Did Not Dress,Did Not Dress,Did Not Dress,Did Not Dress,Did Not Dress,Did Not Dress,Did Not Dress,Did Not Dress,Did Not Dress,Did Not Dress,Did Not Dress,Did Not Dress,Did Not Dress,Did Not Dress,Did Not Dress,Did Not Dress,Did Not Dress,Did Not Dress,Did Not Dress,Did Not Dress,Did Not Dress,Thomas Robinson
2014-03-07,22-355,POR,AWAY,DAL,L (-5),0,19:43,4,5,.800,0,0,,3,5,.600,4,5,9,0,1,2,2,6,11,10.6,+4,Thomas Robinson
2014-03-09,22-357,POR,AWAY,HOU,L (-5),0,11:21,0,0,,0,0,,0,2,.000,4,0,4,0,0,0,1,3,0,-0.2,-6,Thomas Robinson
2014-03-11,22-359,POR,AWAY,MEM,L (-10),0,17:12,4,6,.667,0,0,,0,0,,1,3,4,0,0,0,2,4,8,3.4,-3,Thomas Robinson
2014-03-12,22-360,POR,AWAY,SAS,L (-13),0,11:14,0,3,.000,0,0,,1,3,.333,2,3,5,0,0,0,0,0,1,0.4,-5,Thomas Robinson
2014-03-14,22-362,POR,AWAY,NOP,W (+8),0,6:56,1,1,1.000,0,0,,0,2,.000,1,2,3,0,0,0,0,1,2,1.8,-1,Thomas Robinson
2014-03-16,22-364,POR,HOME,GSW,L (-1),0,9:11,2,5,.400,0,0,,1,2,.500,0,4,4,0,0,1,0,3,5,2.6,-8,Thomas Robinson
2014-03-18,23-001,POR,HOME,MIL,W (+5),0,15:55,4,8,.500,0,0,,1,3,.333,2,7,9,2,1,1,2,3,9,7.6,+5,Thomas Robinson
2014-03-20,23-003,POR,HOME,WAS,W (+13),0,17:14,2,4,.500,0,0,,3,4,.750,0,5,5,3,2,0,0,2,7,9.4,+4,Thomas Robinson
2014-03-22,23-005,POR,AWAY,CHA,L (-30),0,16:59,3,7,.429,0,0,,0,0,,2,3,5,1,0,0,1,3,6,3.1,-23,Thomas Robinson
2014-03-24,23-007,POR,AWAY,MIA,L (-2),0,14:58,3,5,.600,0,0,,2,2,1.000,3,3,6,1,0,0,2,2,8,6.6,+7,Thomas Robinson
2014-03-25,23-008,POR,AWAY,ORL,L (-10),0,16:02,1,4,.250,0,0,,0,0,,2,3,5,0,0,0,2,2,2,-0.9,-1,Thomas Robinson
2014-03-27,23-010,POR,AWAY,ATL,W (+15),0,18:47,4,4,1.000,0,0,,2,4,.500,0,2,2,1,1,0,1,4,10,7.7,+13,Thomas Robinson
2014-03-28,23-011,POR,AWAY,CHI,W (+17),0,11:30,4,5,.800,0,0,,2,3,.667,2,2,4,0,0,0,1,3,10,7.5,-10,Thomas Robinson
2014-03-30,23-013,POR,HOME,MEM,W (+7),0,14:52,4,4,1.000,0,0,,0,1,.000,0,3,3,1,0,0,0,3,8,6.8,+8,Thomas Robinson
2014-04-01,23-015,POR,AWAY,LAL,W (+12),0,17:57,3,7,.429,0,0,,1,2,.500,3,3,6,0,3,0,1,2,7,7.1,-13,Thomas Robinson
2014-04-04,23-018,POR,HOME,PHO,L (-16),0,14:38,1,4,.250,0,0,,0,2,.000,5,5,10,1,0,1,4,0,2,1.2,-13,Thomas Robinson
2014-04-06,23-020,POR,HOME,NOP,W (+6),0,10:58,0,1,.000,0,0,,0,0,,0,1,1,0,0,0,0,2,0,-1.2,-2,Thomas Robinson
2014-04-09,23-023,POR,HOME,SAC,W (+1),0,13:46,4,5,.800,0,0,,0,0,,0,9,9,0,0,0,4,3,8,3.6,+1,Thomas Robinson
2014-04-11,23-025,POR,AWAY,UTA,W (+12),0,17:09,4,6,.667,0,0,,0,0,,0,2,2,0,1,0,1,2,8,5.2,-9,Thomas Robinson
2014-04-13,23-027,POR,HOME,GSW,W (+2),0,13:05,2,4,.500,0,0,,0,0,,2,3,5,2,1,0,1,2,4,4.9,+11,Thomas Robinson
2014-04-16,23-030,POR,HOME,LAC,W (+6),0,12:48,1,6,.167,0,0,,3,4,.750,4,2,6,2,0,0,0,0,5,5.6,-6,Thomas Robinson
